Name,Age,AADHAR_No,PAN_No,Gender,Account_No,Caste,PIN_Code,Annual_Income,Govt_Schemes_Availed,Scheme_Under_Ministry,Eligible_for_PM_KISAN
Gavin Bali,28,847-29-9207,LRBmZ94536,Male,023713319589,General,306867,616971,PDS,Ministry of Consumer Affairs,No
Saanvi Kothari,27,544-03-2487,EJTyu53437,Male,199746506838,General,288769,713415,Scholarship,Ministry of Education,No
Sneha Mani,50,616-31-5457,FFseb39795,Male,216931099138,ST,380614,870881,PDS,Ministry of Consumer Affairs,No
Chandran Khosla,20,520-02-5408,pPpzK81745,Female,320342030227,OBC,515363,197286,PMAY,Ministry of Housing and Urban Affairs,No
Ekiya Oak,55,694-36-7407,bkeCO45913,Male,214811061335,General,021392,935547,PDS,Ministry of Consumer Affairs,No
Krishna Bose,31,994-41-4190,Ltoox67689,Male,713621318548,OBC,102454,181037,MNREGA,Ministry of Rural Development,No
Liam Magar,47,780-77-2683,JptbE74070,Male,260122424069,General,384189,383118,Ayushman Bharat,Ministry of Health and Family Welfare,No
Upadhriti Mittal,70,729-03-6576,bUBov26698,Male,496366507311,OBC,653000,980208,MNREGA,Ministry of Rural Development,No
Aashi Patla,54,312-49-4098,DtYmC11932,Male,634789215310,OBC,768811,653465,PMAY,Ministry of Housing and Urban Affairs,No
Dalaja Pillai,63,949-44-7906,XyjoY84513,Male,379580729255,General,599974,125841,Ayushman Bharat,Ministry of Health and Family Welfare,Yes
Bhavna Badami,62,308-30-4787,xYhTk03951,Male,332693975141,General,277244,46929,MNREGA,Ministry of Rural Development,Yes
Bimala Sastry,72,226-22-5955,xWPCN89774,Male,304150433562,OBC,909124,489043,MNREGA,Ministry of Rural Development,No
Vincent Bhardwaj,79,605-37-6231,xARfv40679,Male,003361119043,General,665353,944500,Ayushman Bharat,Ministry of Health and Family Welfare,No
Laban Balasubramanian,26,632-86-9509,izZCx04823,Male,659683144065,SC,132694,259108,MNREGA,Ministry of Rural Development,No
Harish Modi,44,333-98-3622,UBnbc11721,Male,953747802757,General,036195,62035,Scholarship,Ministry of Education,Yes
Wazir Shah,65,753-62-1180,jksDy92346,Female,572935158394,ST,119469,327212,Scholarship,Ministry of Education,No
Charita Barman,35,286-78-2066,HZrDD86672,Male,311912931374,General,861559,973840,Ayushman Bharat,Ministry of Health and Family Welfare,No
Jacob Atwal,71,302-36-4245,rqFZj40084,Female,550348019271,General,220674,841738,MNREGA,Ministry of Rural Development,No
Oviya Prasad,72,032-79-5140,kCuky32172,Male,972044953033,OBC,716005,546755,Ayushman Bharat,Ministry of Health and Family Welfare,No
Ekaraj Sem,77,896-46-3823,kUbXB26228,Male,920028970144,OBC,656610,477181,Scholarship,Ministry of Education,No
Indali Lalla,74,515-94-3060,zGCYm82027,Female,297566863869,General,997527,86097,Scholarship,Ministry of Education,Yes
Zilmil Sheth,54,460-43-5229,kZODb85902,Male,243091492185,General,383716,513782,PMAY,Ministry of Housing and Urban Affairs,No
Tanmayi Parsa,62,397-45-4613,qNTZQ48617,Female,771838444467,General,825102,662178,Scholarship,Ministry of Education,No
Vansha Atwal,21,518-28-9442,pOgIP91339,Male,562723189279,General,617309,726486,PDS,Ministry of Consumer Affairs,No
Advay Mandal,37,925-47-0945,RQISe02569,Male,398971905420,SC,764505,385623,PDS,Ministry of Consumer Affairs,No
Advika Date,34,109-48-8549,Ymghb45284,Male,000945882023,OBC,509104,433769,PMAY,Ministry of Housing and Urban Affairs,No
Sathvik Narain,50,751-47-0766,JltSN79086,Female,276185838466,OBC,772740,941300,MNREGA,Ministry of Rural Development,No
Hemang Ratti,37,689-87-3799,rXdsd24340,Male,312093692525,General,243128,231200,PDS,Ministry of Consumer Affairs,No
Kabir Deshpande,35,989-89-0259,suyXY61070,Female,044260092437,General,115516,684528,PDS,Ministry of Consumer Affairs,No
Ijaya Prashad,56,909-10-6938,dZQsI30211,Female,962027679398,ST,822017,840427,Ayushman Bharat,Ministry of Health and Family Welfare,No
Manya Zacharia,67,944-42-4530,spvAO14185,Female,492806051316,OBC,311301,409794,PDS,Ministry of Consumer Affairs,No
Sudiksha Palla,28,898-35-5826,lAMNj96546,Other,263558659193,OBC,652268,521150,MNREGA,Ministry of Rural Development,No
Jack Dhillon,79,221-19-8299,kFjCx86992,Male,265249874829,General,301975,58294,PDS,Ministry of Consumer Affairs,Yes
Isaac Devan,21,974-27-7981,JNfRe12826,Female,359525830375,General,503937,216141,Ayushman Bharat,Ministry of Health and Family Welfare,No
Gautami Mahajan,54,073-94-9901,pjBue34011,Female,325571730432,OBC,679073,131759,MNREGA,Ministry of Rural Development,Yes
Qarin Gole,29,420-01-6927,nmDUI35647,Female,647805095199,General,963901,788261,Ayushman Bharat,Ministry of Health and Family Welfare,No
Hardik Tella,48,198-47-0685,NVyLy31295,Female,452010938564,General,398901,258712,Ayushman Bharat,Ministry of Health and Family Welfare,No
Mitesh Dube,20,262-81-5583,iewsv39250,Male,750513831373,OBC,199072,882600,Ayushman Bharat,Ministry of Health and Family Welfare,No
Qasim Agarwal,64,173-83-3129,ObWon28066,Female,222454581146,OBC,993188,621701,PDS,Ministry of Consumer Affairs,No
Nakul Master,28,320-92-5483,TLHyS93198,Female,140537958900,General,727754,897060,PDS,Ministry of Consumer Affairs,No
Meera Loyal,70,581-65-7939,Tlaue20267,Male,218464385424,OBC,925681,845668,MNREGA,Ministry of Rural Development,No
Ishani Singhal,63,311-85-1329,rbOLm89329,Female,747304066073,General,534948,298753,Scholarship,Ministry of Education,No
Janani Rai,34,152-70-0681,jGDqG19454,Male,773783917012,OBC,177710,758915,PDS,Ministry of Consumer Affairs,No
Dayamai Ray,48,380-73-4052,tFnHV04439,Male,241218372952,General,829789,839120,PMAY,Ministry of Housing and Urban Affairs,No
Kashish Shenoy,20,377-59-3908,UCDsL90663,Female,274551775772,OBC,096386,244997,Scholarship,Ministry of Education,No
Bachittar Rajagopalan,68,648-64-7840,TlNlt66908,Male,428243097125,ST,427772,670760,Scholarship,Ministry of Education,No
Farhan Khatri,68,888-29-3473,ZbnRX51627,Male,009181986180,General,546152,174732,Ayushman Bharat,Ministry of Health and Family Welfare,No
Ira Ramakrishnan,31,642-09-1402,IMtDo44801,Female,978986172606,General,229349,212715,Scholarship,Ministry of Education,No
Kamala Krish,18,720-66-4174,eSuPj93985,Female,385201721586,General,755098,216196,Ayushman Bharat,Ministry of Health and Family Welfare,No
Jacob Bajwa,45,038-56-6892,tqeWi51290,Female,961021707879,OBC,429663,597727,Ayushman Bharat,Ministry of Health and Family Welfare,No
Tristan Rastogi,30,110-13-3403,Uddsa36031,Other,048062212597,General,355279,458081,Scholarship,Ministry of Education,No
Viraj Pathak,25,924-49-5167,qXyfE67210,Female,198849073555,SC,839861,737079,PDS,Ministry of Consumer Affairs,No
Falguni Lanka,79,309-44-0869,DiYxR26628,Female,513115838330,OBC,946657,184469,Ayushman Bharat,Ministry of Health and Family Welfare,No
Ronith Goyal,41,771-24-0409,HkWWs09156,Female,556594067489,OBC,138585,506934,PMAY,Ministry of Housing and Urban Affairs,No
Libni Kalla,37,737-83-2309,nKFRK95781,Male,382204406297,General,366434,201212,MNREGA,Ministry of Rural Development,No
Ladli Kadakia,60,592-27-8428,ZPgiA60880,Female,329757029372,General,984015,346146,PDS,Ministry of Consumer Affairs,No
Manan Upadhyay,61,142-15-2166,qDmec40003,Female,370942702795,OBC,310517,597326,Scholarship,Ministry of Education,No
Wazir Lall,43,305-59-6652,dmaTm93649,Male,813127910740,General,828831,770798,Ayushman Bharat,Ministry of Health and Family Welfare,No
George Dhawan,75,201-79-1010,Qxwbe73653,Male,023030033033,OBC,694479,89195,MNREGA,Ministry of Rural Development,Yes
George Bhatt,59,884-95-1428,BJlOE72550,Male,306197755899,General,311082,439080,Ayushman Bharat,Ministry of Health and Family Welfare,No
Gabriel Keer,67,370-24-0085,EqkXE34313,Female,828754514012,OBC,141199,253821,MNREGA,Ministry of Rural Development,No
Sanya Shan,79,024-84-9765,FOcTg15708,Female,517218068202,ST,752395,996541,PDS,Ministry of Consumer Affairs,No
Timothy Bhalla,76,550-55-1709,PSjlZ22670,Male,939170518457,General,244728,577025,PDS,Ministry of Consumer Affairs,No
Girish Natt,20,679-95-1947,aslMg82684,Female,043773973589,OBC,592532,834126,Scholarship,Ministry of Education,No
Samaksh Magar,42,250-40-6508,iIDSj84807,Female,706999737380,SC,103679,458309,Scholarship,Ministry of Education,No
Manthan Kurian,56,871-61-8067,BDgox60772,Male,513259250410,General,841553,356490,Scholarship,Ministry of Education,No
Nandini Iyer,59,855-31-6406,lJfQc91013,Male,498257201744,OBC,155554,674559,MNREGA,Ministry of Rural Development,No
Niharika Mani,64,768-13-3715,czFIC24674,Male,551315827715,ST,590334,447363,Ayushman Bharat,Ministry of Health and Family Welfare,No
Qadim Gala,40,977-22-8016,FTEde83885,Female,521529036895,General,172079,802994,Scholarship,Ministry of Education,No
Bhavini Sibal,51,747-42-7834,ziGSJ31952,Female,453976462211,SC,842675,805874,Ayushman Bharat,Ministry of Health and Family Welfare,No
Ikbal Amble,20,405-31-5040,UxNDx14643,Male,697246463316,General,436991,981496,MNREGA,Ministry of Rural Development,No
Xavier Bhardwaj,36,501-01-0920,NBbIQ67487,Male,214091572824,Other,720136,331538,MNREGA,Ministry of Rural Development,No
Udarsh Biswas,45,852-85-2699,HnsPS83034,Female,054347932020,General,737890,560682,PDS,Ministry of Consumer Affairs,No
Panini Narayanan,70,119-46-2371,LaihM48731,Female,464291027736,General,637258,831991,PMAY,Ministry of Housing and Urban Affairs,No
Timothy Sabharwal,41,531-96-2012,ryOHE68028,Male,597273790824,General,232360,427797,MNREGA,Ministry of Rural Development,No
Anmol Grewal,34,553-91-4782,TURKf12873,Female,755813635138,SC,388147,433326,MNREGA,Ministry of Rural Development,No
Akshay Vig,53,299-13-1719,emkQY40441,Female,741532535618,General,784323,573337,MNREGA,Ministry of Rural Development,No
Raghav Acharya,73,077-43-4007,gYwsS48109,Male,526350933927,General,483961,752554,PMAY,Ministry of Housing and Urban Affairs,No
Jeremiah Tripathi,47,415-24-6037,LVOiW44585,Female,758756816135,OBC,323628,817620,PDS,Ministry of Consumer Affairs,No
Manbir Ratti,34,146-29-7010,CyHtx35616,Female,866651419153,OBC,533256,179790,Scholarship,Ministry of Education,No
Jagvi Narasimhan,22,729-47-1818,YiSIj89008,Male,735142473527,General,931752,764314,MNREGA,Ministry of Rural Development,No
Ekiya Prabhu,63,024-66-5489,xYaEG94562,Female,307653576808,OBC,369995,275689,Ayushman Bharat,Ministry of Health and Family Welfare,No
Eesha Rastogi,50,841-87-3482,HLKuV25934,Male,991980669764,General,357153,164140,PDS,Ministry of Consumer Affairs,No
Zarna Narayanan,23,540-22-3667,KEcRf60947,Female,915708916988,OBC,105086,813533,MNREGA,Ministry of Rural Development,No
Omisha Nath,62,263-44-8472,uBhOc77979,Male,479321552226,General,528628,257144,MNREGA,Ministry of Rural Development,No
Omkaar Palla,58,629-60-8798,klzEd68573,Female,211060273351,General,700073,369660,MNREGA,Ministry of Rural Development,No
Zansi Ram,59,699-75-6809,STVTP87715,Male,521737385951,General,418380,669349,Ayushman Bharat,Ministry of Health and Family Welfare,No
Lajita Aggarwal,37,011-68-7509,QWLta74792,Female,748397455729,General,094038,172876,Scholarship,Ministry of Education,No
Vasatika Bhatti,46,379-63-0976,yDyGl63105,Female,958774029723,General,092308,466433,PDS,Ministry of Consumer Affairs,No
Kala Sarraf,35,809-26-5872,ctqKm19558,Female,722994571402,OBC,674380,659150,PMAY,Ministry of Housing and Urban Affairs,No
Yadavi Dewan,42,505-40-6774,IIPRN63648,Female,645204946714,OBC,210948,194356,PMAY,Ministry of Housing and Urban Affairs,No
Krishna Sastry,54,515-00-3703,eDBpl50616,Male,222225164743,OBC,830501,923936,PMAY,Ministry of Housing and Urban Affairs,No
Raghav Pandya,54,223-16-3568,OKtqk97646,Female,468257036914,General,892005,186653,Scholarship,Ministry of Education,No
Hamsini Ghosh,68,286-82-9955,MtpLv14875,Female,275308441490,General,287381,816312,PMAY,Ministry of Housing and Urban Affairs,No
Naksh Kunda,41,597-40-4975,vJQZj22410,Other,674138072652,General,324279,288438,MNREGA,Ministry of Rural Development,No
Irya Balakrishnan,37,220-16-8600,gVUFx68175,Male,936333119485,SC,015011,136019,Scholarship,Ministry of Education,Yes
Jairaj Sule,50,119-45-2250,lTVOS85112,Female,187413611508,OBC,668341,683742,PDS,Ministry of Consumer Affairs,No
Sathvik Palan,70,363-13-7117,gkQPJ04752,Male,174499220386,SC,888174,119210,Ayushman Bharat,Ministry of Health and Family Welfare,Yes
Balhaar Dani,36,333-16-2802,IrEoJ10603,Female,690613149450,General,430189,39618,Ayushman Bharat,Ministry of Health and Family Welfare,Yes
Lavanya Chawla,38,359-87-1061,JLSGj47412,Male,451689965592,OBC,863089,401004,Ayushman Bharat,Ministry of Health and Family Welfare,No
Charita Ranganathan,34,734-86-8386,DzpMB74421,Female,477614405090,General,005343,751137,Ayushman Bharat,Ministry of Health and Family Welfare,No
Triya Chaudhuri,35,774-29-7455,uHtAS70194,Male,923219125732,General,091950,941897,MNREGA,Ministry of Rural Development,No
Hema Gokhale,34,702-93-3740,fHDNC19146,Male,076554526003,General,803232,802637,Scholarship,Ministry of Education,No
Sanaya Manne,20,293-06-8114,CdKvy14811,Female,545078715500,Other,753403,59806,PDS,Ministry of Consumer Affairs,Yes
Gaurav Patla,38,076-87-5480,fsYaY26557,Female,785015278375,General,775187,793263,Scholarship,Ministry of Education,No
Girish Hegde,47,606-42-5813,pMPAM01077,Male,353912396583,OBC,936314,259012,MNREGA,Ministry of Rural Development,No
Joshua Anne,65,861-32-2927,FVuRf60813,Other,703956947437,SC,512331,479096,PMAY,Ministry of Housing and Urban Affairs,No
Siddharth Narain,26,967-84-0795,VMPvb40076,Male,945571275150,SC,237546,223795,PDS,Ministry of Consumer Affairs,No
Daksha Chandra,48,753-04-7732,jRBVY74660,Female,981189027398,General,990408,386246,Ayushman Bharat,Ministry of Health and Family Welfare,No
Utkarsh Vaidya,41,885-91-4765,HApmU23233,Female,765150123501,General,082154,894673,Ayushman Bharat,Ministry of Health and Family Welfare,No
Frederick Acharya,21,996-96-7021,QykwK02208,Male,950560941122,General,019684,158432,Ayushman Bharat,Ministry of Health and Family Welfare,No
Advika Bali,69,302-44-9731,EouSo62929,Female,028137993800,General,377419,851320,PDS,Ministry of Consumer Affairs,No
Gauri Lad,21,902-19-4423,qDOnI98119,Male,028686664089,OBC,137232,133832,PDS,Ministry of Consumer Affairs,Yes
Yug Badal,19,869-81-3189,Tfeoi57303,Male,953422543707,OBC,615454,146858,PDS,Ministry of Consumer Affairs,Yes
Kavya Natarajan,52,188-07-7422,BSEfT84394,Female,986259507830,ST,046013,692352,Ayushman Bharat,Ministry of Health and Family Welfare,No
Abhimanyu Tata,61,127-45-5004,pwZug69692,Male,681623360366,SC,916402,515909,MNREGA,Ministry of Rural Development,No
Upasna Kala,57,610-59-0482,mlqDC39780,Male,013905158646,OBC,583426,575042,Ayushman Bharat,Ministry of Health and Family Welfare,No
Krishna Gupta,19,210-01-3336,joWab69540,Male,850074773834,OBC,673732,652057,Scholarship,Ministry of Education,No
Zayan Hegde,39,468-65-7941,UDmrU14825,Male,975742123411,OBC,877552,920035,Scholarship,Ministry of Education,No
Gagan Agarwal,56,221-86-2111,ICVVB53994,Male,409569858466,ST,419062,863940,Scholarship,Ministry of Education,No
Yashodhara Patel,64,597-32-8706,IELCw43083,Other,744605485542,General,028506,479980,Scholarship,Ministry of Education,No
Widisha Purohit,80,702-36-1313,jqwGJ39147,Male,489709757612,OBC,993908,205974,PDS,Ministry of Consumer Affairs,No
Daniel Nath,61,927-17-5508,aAdQv18188,Female,329747833497,General,233760,522330,PMAY,Ministry of Housing and Urban Affairs,No
Finn Swaminathan,67,242-85-9169,uLXjc28678,Male,483237736477,General,764214,247088,Scholarship,Ministry of Education,No
Rushil Sankar,54,316-26-2872,fDZII32066,Female,877919658901,General,818567,951125,Ayushman Bharat,Ministry of Health and Family Welfare,No
Yahvi Sarin,43,604-60-5075,jaDzg25093,Female,092532788136,OBC,446291,268509,Ayushman Bharat,Ministry of Health and Family Welfare,No
Nirja Atwal,60,778-92-1066,TfhPo96613,Female,894409268736,General,687759,448272,Scholarship,Ministry of Education,No
Harrison Borra,45,713-53-4876,gjmYO41419,Male,045608758946,General,346192,115100,Ayushman Bharat,Ministry of Health and Family Welfare,Yes
Siddharth Hora,31,059-36-9950,FDDnq01053,Male,939745097150,General,809029,302087,Ayushman Bharat,Ministry of Health and Family Welfare,No
Darpan Mammen,62,154-27-7977,dGaUn95090,Male,088721398550,General,798083,753611,Ayushman Bharat,Ministry of Health and Family Welfare,No
Ekta Dugal,49,363-70-9074,bimvc24000,Female,389919153437,ST,457521,956380,Ayushman Bharat,Ministry of Health and Family Welfare,No
Darika Comar,20,628-70-1392,LiduG22925,Female,063817496877,ST,509764,564480,Scholarship,Ministry of Education,No
Damini Butala,50,839-58-9480,XAJJT56722,Female,516276451544,OBC,701531,887465,PMAY,Ministry of Housing and Urban Affairs,No
Samarth Chowdhury,35,427-59-5814,KyMPm26907,Male,387233980639,ST,978399,134372,MNREGA,Ministry of Rural Development,Yes
Aashi Hora,74,952-99-0671,OFNEX33506,Female,726877987958,ST,698311,830679,MNREGA,Ministry of Rural Development,No
Zashil Kakar,46,166-95-9452,lbsch51760,Female,419670856604,ST,410148,818644,MNREGA,Ministry of Rural Development,No
Urvi Tailor,76,455-57-0205,FcPId95839,Female,175164182582,OBC,621913,290295,PDS,Ministry of Consumer Affairs,No
Warjas Sule,49,549-30-0147,SncTu99286,Female,322573577247,General,941389,840348,MNREGA,Ministry of Rural Development,No
Veda Chadha,36,451-49-1527,eMclu01499,Male,723672372450,General,181883,732950,Ayushman Bharat,Ministry of Health and Family Welfare,No
Dhriti Mistry,24,882-81-7654,hejTV86569,Female,392117631568,ST,464117,213358,PDS,Ministry of Consumer Affairs,No
Nicholas Mand,46,347-72-2255,hYuGz40019,Male,432208504389,General,662934,952159,Scholarship,Ministry of Education,No
Chandresh Mand,33,995-80-0785,ZqkCr85440,Female,213193003767,OBC,997659,910199,PDS,Ministry of Consumer Affairs,No
Kashvi Dyal,37,455-81-8987,ioomi22532,Female,638904158851,Other,064760,46141,MNREGA,Ministry of Rural Development,Yes
Devansh Bajwa,63,965-57-4411,akXeG22824,Male,108360444172,General,092539,679959,Scholarship,Ministry of Education,No
Faras Sankaran,39,085-92-4002,GsvOb40768,Male,884820337732,OBC,653429,802151,PMAY,Ministry of Housing and Urban Affairs,No
Ekani Gokhale,22,827-45-0597,CvIay48087,Female,839750900878,General,601572,834820,Ayushman Bharat,Ministry of Health and Family Welfare,No
Avni Magar,52,966-62-2493,AokHh86625,Male,812721176218,General,015960,643803,Scholarship,Ministry of Education,No
Azad Zachariah,62,965-76-5261,wRToS63488,Female,506066909594,General,779273,367952,PMAY,Ministry of Housing and Urban Affairs,No
Arya Ratti,31,526-46-7124,aAaWK73088,Male,593547399435,General,291537,257477,MNREGA,Ministry of Rural Development,No
Jatin Ranganathan,57,233-25-0876,nWflT93954,Male,847821111457,General,889317,62180,PMAY,Ministry of Housing and Urban Affairs,Yes
Jalsa Ramaswamy,37,962-45-8177,bfUKm60394,Male,704902038433,OBC,666103,847196,PDS,Ministry of Consumer Affairs,No
Jonathan Gera,55,729-89-8626,GZLHD15257,Female,705074754149,Other,883815,205658,PDS,Ministry of Consumer Affairs,No
Kashvi Saraf,24,218-30-4297,OjFQW16942,Male,524769063851,OBC,956393,328576,Ayushman Bharat,Ministry of Health and Family Welfare,No
Radha Kapoor,55,161-34-4102,quata27362,Male,193193592485,General,950216,330830,Ayushman Bharat,Ministry of Health and Family Welfare,No
Harsh Patla,72,307-78-4389,ylHFY53045,Male,917084552688,OBC,428294,349756,PDS,Ministry of Consumer Affairs,No
Rishi Dyal,56,164-04-9434,EdHJy55212,Male,974821286451,OBC,960405,304760,PDS,Ministry of Consumer Affairs,No
Amaira Patel,52,255-08-7665,teHIL15522,Male,589465230544,SC,898270,388692,Scholarship,Ministry of Education,No
Ayushman Pal,48,985-53-0531,nhPBy33248,Female,883707291135,OBC,517554,571792,MNREGA,Ministry of Rural Development,No
Ethan Balan,79,599-56-9163,nzsoO11721,Female,751674286087,General,715775,104415,PDS,Ministry of Consumer Affairs,Yes
Sanya Arora,50,743-12-0701,ZSszH86784,Female,343796461716,General,922030,850183,Ayushman Bharat,Ministry of Health and Family Welfare,No
Ekani Butala,51,799-58-4340,CXquB01134,Male,945240801853,OBC,988608,802057,PMAY,Ministry of Housing and Urban Affairs,No
Kamya Wali,42,364-60-8661,NMZXQ58613,Female,858022173596,OBC,656221,262063,MNREGA,Ministry of Rural Development,No
Charita Majumdar,24,428-91-7172,ShkMR28990,Female,351160930852,General,658543,487113,PMAY,Ministry of Housing and Urban Affairs,No
Ranbir Radhakrishnan,74,274-08-8552,niQEX69421,Male,026282489829,ST,475039,517400,Ayushman Bharat,Ministry of Health and Family Welfare,No
Keya Sarna,48,137-19-1402,LYzYg13867,Male,600851110641,General,494216,808963,MNREGA,Ministry of Rural Development,No
Advika Ben,38,336-94-0516,emqdK21892,Female,332299534866,General,016001,891766,MNREGA,Ministry of Rural Development,No
Yutika Misra,73,083-45-6171,vlKBh72940,Male,556565051438,ST,816412,584594,PMAY,Ministry of Housing and Urban Affairs,No
Januja Dubey,48,573-23-2157,OLnlQ45453,Male,142382193425,General,025863,497529,Scholarship,Ministry of Education,No
Faris Sengupta,62,367-21-0541,XOCia16689,Male,668513558460,General,651124,803608,MNREGA,Ministry of Rural Development,No
Nitesh Menon,54,645-03-2215,lkJUK25128,Other,343892060154,OBC,522420,968707,MNREGA,Ministry of Rural Development,No
Siya Ganguly,78,735-88-6544,AjnSG99065,Female,252677436782,General,067119,77004,PDS,Ministry of Consumer Affairs,Yes
Azaan Kaul,61,891-84-9130,OOFlh48052,Male,638775527952,OBC,834467,714579,MNREGA,Ministry of Rural Development,No
Ladli Ravi,59,627-92-1411,tlXvT78059,Male,291555443017,General,880479,196403,MNREGA,Ministry of Rural Development,No
Yash Chahal,23,151-33-7684,MaRfE54490,Female,108420258481,ST,491032,189283,Ayushman Bharat,Ministry of Health and Family Welfare,No
Ekansh Rau,56,458-29-3340,yhEIb81266,Female,729625316181,OBC,950792,625198,Ayushman Bharat,Ministry of Health and Family Welfare,No
Turvi Edwin,71,142-34-9272,pIUrR30836,Male,813797593651,OBC,236482,366529,Scholarship,Ministry of Education,No
Robert Cherian,30,470-62-9909,LUOMW22553,Male,002320098050,General,387565,613887,PDS,Ministry of Consumer Affairs,No
Samarth Desai,75,785-33-4098,npsJa29404,Female,595634340666,General,005464,876095,Ayushman Bharat,Ministry of Health and Family Welfare,No
Dominic Sabharwal,52,687-68-2553,zHjrX24782,Male,539887663107,General,712028,533947,Scholarship,Ministry of Education,No
Victor Buch,74,537-59-0173,RItYU91052,Female,446573027703,General,772857,549664,Scholarship,Ministry of Education,No
Ekiya Bawa,34,814-73-8509,KVTum90130,Male,599159484940,OBC,260816,906233,Ayushman Bharat,Ministry of Health and Family Welfare,No
Bhavani Dutt,75,705-70-9871,tvCHf15109,Male,709931613259,ST,042724,706514,PMAY,Ministry of Housing and Urban Affairs,No
Ekavir Mohanty,35,861-29-7544,qiatR87074,Female,896900011157,General,799967,456244,Ayushman Bharat,Ministry of Health and Family Welfare,No
Isaac Sidhu,24,293-57-5166,GXagm61031,Female,144886129854,OBC,161103,516854,MNREGA,Ministry of Rural Development,No
Nitesh Bassi,78,969-40-0583,EmrRa23064,Female,073059062651,General,277963,86749,PDS,Ministry of Consumer Affairs,Yes
Kiaan Zachariah,70,671-04-7323,rfEDU74643,Female,927187202619,General,283910,105104,PMAY,Ministry of Housing and Urban Affairs,Yes
Saumya Shroff,40,670-48-4296,GTEtH61248,Female,766493375039,OBC,240480,692523,Ayushman Bharat,Ministry of Health and Family Welfare,No
Shravya Shankar,33,690-07-1379,CUbVL89657,Female,186265699546,Other,541342,350429,MNREGA,Ministry of Rural Development,No
Jhalak Aggarwal,70,026-18-7240,EstNY10417,Female,173868094786,General,695436,240113,PDS,Ministry of Consumer Affairs,No
Onveer Bakshi,27,938-09-9843,hsyHN38982,Female,290576376359,General,408395,892477,MNREGA,Ministry of Rural Development,No
Yatan Sami,29,794-59-0725,PTHHr70948,Male,308639104919,General,298687,703409,PDS,Ministry of Consumer Affairs,No
Victor Narasimhan,18,256-73-4037,ztRXr34549,Male,147085554832,OBC,716885,211154,PDS,Ministry of Consumer Affairs,No
Aditya Sekhon,20,212-22-0696,UreEa90765,Female,469174497240,OBC,323465,701607,Scholarship,Ministry of Education,No
Meghana Prasad,35,980-03-3831,EWLHK11756,Female,015943003693,General,019407,449155,Scholarship,Ministry of Education,No
Anthony Luthra,30,205-48-4648,spftW39341,Male,942564293469,OBC,805731,134100,Scholarship,Ministry of Education,Yes
Eshana Rattan,30,915-41-5869,cVksD79936,Male,746908694827,OBC,685379,869529,PMAY,Ministry of Housing and Urban Affairs,No
Abha Saxena,43,640-82-3477,rxhva19475,Female,207898069661,OBC,636231,857943,PDS,Ministry of Consumer Affairs,No
Banjeet Saraf,31,189-22-8255,RCHUj13408,Male,561029982651,OBC,725072,931996,PDS,Ministry of Consumer Affairs,No
Krish Gole,24,318-78-4706,gWBoW11349,Male,998926709747,General,179783,504043,PMAY,Ministry of Housing and Urban Affairs,No
Timothy Uppal,30,725-87-3457,pSwSH74773,Male,040549256009,General,399925,973180,PDS,Ministry of Consumer Affairs,No
Chasmum Ratta,70,639-10-1969,nlIIj59383,Female,400364958539,OBC,300297,210568,MNREGA,Ministry of Rural Development,No
Kritika Gandhi,33,197-44-8616,ZjVoF25773,Female,366537586471,SC,858465,239344,Scholarship,Ministry of Education,No
Bahadurjit Sandhu,49,685-58-1951,BmvMW44673,Female,818066723334,ST,419093,703752,Ayushman Bharat,Ministry of Health and Family Welfare,No
Anamika Parmar,29,369-22-9456,vAqOq27737,Female,213677108031,General,456175,343529,PDS,Ministry of Consumer Affairs,No
Janani Sibal,67,588-95-0911,JOthu99132,Female,969588094646,General,818309,514036,PMAY,Ministry of Housing and Urban Affairs,No
Reva Tella,22,997-89-2010,ghKcR56595,Other,445287002965,General,014813,616781,MNREGA,Ministry of Rural Development,No
Peter Sem,33,231-02-2484,NnwoW92572,Female,249206102333,OBC,926001,521906,Scholarship,Ministry of Education,No
Tara Dixit,42,376-43-4736,McvVu53105,Female,436246921440,General,108064,645448,PMAY,Ministry of Housing and Urban Affairs,No
Tanay Dewan,37,875-28-8906,KOOqH79857,Female,912835215924,General,323726,54790,Scholarship,Ministry of Education,Yes
Akshay Narasimhan,45,208-20-6958,bvLAf21177,Male,595399096946,SC,366338,123258,PDS,Ministry of Consumer Affairs,Yes
Janani Sarkar,68,497-92-5026,UKVLr82803,Male,633708701164,General,639589,325967,Scholarship,Ministry of Education,No
Dhruv Bassi,79,263-84-4024,ibskJ74731,Male,762503527977,General,891351,524565,MNREGA,Ministry of Rural Development,No
Lucky Nayak,71,067-65-2607,Gopoi15964,Male,730714984399,General,554378,574422,PDS,Ministry of Consumer Affairs,No
Triveni Kata,56,278-24-0715,McivH09205,Male,003936366156,General,757417,71592,Scholarship,Ministry of Education,Yes
Bina Sama,44,111-86-3337,NKFst49487,Female,614760787520,General,986983,423648,Ayushman Bharat,Ministry of Health and Family Welfare,No
Ganga Sampath,61,466-16-4332,OapnD31325,Female,118068424170,OBC,420953,560276,MNREGA,Ministry of Rural Development,No
Ansh Karpe,38,199-02-8434,SgkWq94966,Female,131305356260,General,428512,613851,PDS,Ministry of Consumer Affairs,No
Prisha Deshpande,31,403-02-3389,Jokbb70635,Male,557807866143,General,479737,857263,MNREGA,Ministry of Rural Development,No
Tamanna Choudhary,32,357-08-8064,QslcL39334,Male,743700419335,ST,026389,94305,PMAY,Ministry of Housing and Urban Affairs,Yes
Ekavir Virk,80,955-44-9928,uQddO07716,Male,400213811895,General,408866,585159,Ayushman Bharat,Ministry of Health and Family Welfare,No
Bhavika Raval,39,885-74-5512,MXJSl90067,Male,726198192067,General,855564,880400,Scholarship,Ministry of Education,No
Gaurav Tata,35,500-62-1574,bEQIm68481,Female,037216689138,General,343211,981005,Scholarship,Ministry of Education,No
Yahvi Upadhyay,48,404-94-1309,lMKaR54783,Female,511933627250,OBC,119156,929588,Scholarship,Ministry of Education,No
Yauvani Nagi,72,913-66-1453,AksTu34761,Male,602965105179,OBC,302586,711888,PMAY,Ministry of Housing and Urban Affairs,No
Irya Munshi,43,599-06-8203,bLxFM86877,Female,985045276877,General,242173,975907,MNREGA,Ministry of Rural Development,No
Mohini Viswanathan,80,676-73-0045,YMYYX64715,Male,212639088981,Other,216051,419447,PMAY,Ministry of Housing and Urban Affairs,No
Niharika Batta,80,539-10-0426,Utlgl46107,Female,933909449705,General,039701,993882,Ayushman Bharat,Ministry of Health and Family Welfare,No
Nilima Bobal,55,368-83-5049,jZXYB60351,Male,503706576432,General,798416,182666,PMAY,Ministry of Housing and Urban Affairs,No
Chavvi Deol,73,918-88-3654,LCOct53776,Male,999951989118,SC,036862,927969,Ayushman Bharat,Ministry of Health and Family Welfare,No
Krishna Lata,53,427-40-1948,TitUl09486,Female,892961515822,ST,267089,956658,MNREGA,Ministry of Rural Development,No
Jagdish Chaudhary,71,987-57-7252,XBZeG24432,Male,355491362115,General,080953,912632,MNREGA,Ministry of Rural Development,No
Noah Reddy,24,319-67-2373,NbKRX65672,Male,386249840186,General,479648,931240,PMAY,Ministry of Housing and Urban Affairs,No
Ayushman Vyas,57,924-78-5636,uQhBk81335,Male,634606572287,SC,607717,426892,PMAY,Ministry of Housing and Urban Affairs,No
Ijaya Brahmbhatt,62,045-19-8351,aTAqz75762,Male,856824143636,General,984780,270995,PDS,Ministry of Consumer Affairs,No
Janani Bhat,19,470-39-9509,mIbrW10101,Female,088395427789,General,816641,195754,PMAY,Ministry of Housing and Urban Affairs,No
Eesha Kannan,58,807-68-7185,pDsZl17484,Female,269077809667,OBC,554526,583606,Scholarship,Ministry of Education,No
Oviya Kannan,69,370-61-8719,MUNIJ81878,Female,652082440414,General,572501,139269,MNREGA,Ministry of Rural Development,Yes
Nandini Ranganathan,46,385-58-1897,kxNqW03736,Female,520442579983,General,532985,788313,PMAY,Ministry of Housing and Urban Affairs,No
Liam Agarwal,49,903-54-5408,sVOcG95259,Male,020310504642,General,835584,224719,Scholarship,Ministry of Education,No
Omya Dâ€™Alia,48,243-32-8496,iEZgI19710,Female,239080771127,General,001140,459905,PMAY,Ministry of Housing and Urban Affairs,No
Pushti Tiwari,54,156-55-8317,VnATP15872,Female,554611427124,General,997046,719812,PDS,Ministry of Consumer Affairs,No
Max Jaggi,43,031-35-3592,tfuqv35492,Male,532880748929,OBC,939378,782459,Scholarship,Ministry of Education,No
Gaurangi Balasubramanian,36,354-69-6665,OUVvM03064,Female,909879385854,SC,978440,789442,PDS,Ministry of Consumer Affairs,No
Zayan Trivedi,23,077-36-7428,YZotV00664,Male,447181316470,General,834493,635441,PDS,Ministry of Consumer Affairs,No
Abhimanyu Chatterjee,22,018-61-9967,fJhaF39479,Male,344332600390,OBC,181279,771337,MNREGA,Ministry of Rural Development,No
Patrick Baral,41,247-55-4555,tceVT92259,Female,121066879905,General,039498,415124,PMAY,Ministry of Housing and Urban Affairs,No
Kai Ram,21,285-79-7005,jsrLk19982,Male,957490758400,General,360613,221110,Ayushman Bharat,Ministry of Health and Family Welfare,No
Karan Nanda,28,911-05-5875,iLtWy81914,Female,007055333683,General,363042,109427,PMAY,Ministry of Housing and Urban Affairs,Yes
Falguni Chahal,53,026-10-6569,aaYFB03785,Male,117301131260,General,960415,155847,MNREGA,Ministry of Rural Development,No
Yatin Sinha,65,232-39-1221,fdrez23774,Male,555197702207,ST,387179,749725,MNREGA,Ministry of Rural Development,No
Reyansh Mitra,25,344-88-9832,MdrjQ78628,Male,860199741609,OBC,984072,898061,Scholarship,Ministry of Education,No
Brijesh Divan,62,789-94-1549,Wdcbp50269,Female,159515099593,General,534003,399432,PDS,Ministry of Consumer Affairs,No
Pratyush Khurana,47,233-68-2841,tUxos22930,Female,958331523995,General,641079,767666,Ayushman Bharat,Ministry of Health and Family Welfare,No
Ishwar Varkey,69,247-41-5061,WBQdI47836,Female,197637656666,General,538213,302694,PMAY,Ministry of Housing and Urban Affairs,No
Dakshesh Bhagat,26,974-91-2996,NQzyg06096,Male,489677264638,OBC,220657,712184,Scholarship,Ministry of Education,No
Libni Bhakta,64,474-31-6510,zxEjC24235,Female,498424431527,General,306215,916120,Ayushman Bharat,Ministry of Health and Family Welfare,No
Chameli Nanda,73,841-88-2777,cVPFe79170,Male,614325469425,General,685502,130946,PMAY,Ministry of Housing and Urban Affairs,Yes
Veda Upadhyay,19,085-18-6906,qjznh92187,Female,546524345229,General,397557,594949,Scholarship,Ministry of Education,No
Yutika Ravi,61,245-17-0721,uvRmV65146,Other,050206389691,SC,214833,812069,PDS,Ministry of Consumer Affairs,No
David Gulati,53,560-56-0702,tWCBo36326,Male,748489459664,General,895091,602077,Scholarship,Ministry of Education,No
Charita Oak,26,016-42-8276,PGBuS72371,Female,133624426814,OBC,122321,432068,PMAY,Ministry of Housing and Urban Affairs,No
Kamala Tank,49,406-59-6298,OKjjJ03649,Male,124772354233,General,065551,727265,PMAY,Ministry of Housing and Urban Affairs,No
Vasatika Ramakrishnan,41,837-65-9558,GsjCE98042,Female,708036010092,OBC,539950,183167,Scholarship,Ministry of Education,No
Mekhala Singhal,77,575-18-9471,WMJAV01670,Male,420487175878,OBC,739302,642633,MNREGA,Ministry of Rural Development,No
Rachit Krishna,23,812-78-7863,rVZui52052,Female,169174076066,OBC,390097,372649,MNREGA,Ministry of Rural Development,No
Zayyan Tak,80,409-43-7257,AFKqG19342,Male,415755029571,OBC,405293,89357,Scholarship,Ministry of Education,Yes
Ekavir Singh,79,846-69-5305,YasbR36323,Female,124417082689,OBC,534925,840389,PMAY,Ministry of Housing and Urban Affairs,No
Nikita Johal,52,956-06-5828,xxhCI97207,Male,848891466552,General,723264,995560,PDS,Ministry of Consumer Affairs,No
Chakrika Gulati,58,014-40-7253,jiHBq34005,Female,776124615427,General,354691,866059,Scholarship,Ministry of Education,No
Qushi Bhardwaj,67,878-74-5879,neFYl13498,Male,733427596827,General,913520,122820,Scholarship,Ministry of Education,Yes
Ekalinga Kanda,29,103-03-3088,HmSef01809,Female,343010277226,OBC,612407,456333,MNREGA,Ministry of Rural Development,No
Max Nadig,28,520-60-5180,MXKAg25628,Male,628251435278,General,930613,823257,Ayushman Bharat,Ministry of Health and Family Welfare,No
Reva Suri,55,535-27-9754,SulmV12899,Female,301980042628,General,031866,718370,PMAY,Ministry of Housing and Urban Affairs,No
Raksha Mukhopadhyay,76,922-51-6851,JoAsZ70648,Male,827134010965,OBC,398250,508978,PDS,Ministry of Consumer Affairs,No
Lajita Dutta,62,202-01-1028,gqIUi62822,Male,856806761691,OBC,253119,965612,Ayushman Bharat,Ministry of Health and Family Welfare,No
Nathaniel Pau,65,308-77-6450,ZZVFE12799,Male,838183502233,OBC,868318,233487,Scholarship,Ministry of Education,No
Rachit Palan,22,405-40-1638,MlYKB32656,Male,717342660640,OBC,738977,83356,Ayushman Bharat,Ministry of Health and Family Welfare,Yes
Kala Salvi,53,469-26-6986,EpszX91484,Female,738182413862,OBC,861851,625182,PMAY,Ministry of Housing and Urban Affairs,No
Baghyawati Dutta,23,460-94-8438,eoriu07708,Female,805607023222,General,447679,384375,Scholarship,Ministry of Education,No
Neelima Din,45,108-55-7310,vMEkd08901,Male,190187812741,General,533194,762911,Ayushman Bharat,Ministry of Health and Family Welfare,No
Henry Majumdar,59,529-13-8392,hifpQ24732,Female,936687279224,OBC,671416,943515,Ayushman Bharat,Ministry of Health and Family Welfare,No
Naksh Pingle,73,064-18-1226,RjkdF73365,Female,289307737463,General,501406,776275,Ayushman Bharat,Ministry of Health and Family Welfare,No
Chatura Handa,44,515-86-4939,CkDej31081,Male,879919156812,General,949306,831153,Ayushman Bharat,Ministry of Health and Family Welfare,No
Netra Reddy,43,018-33-6299,PbHHx12811,Male,090227495395,General,323407,711120,Scholarship,Ministry of Education,No
Noah Buch,44,920-54-2553,WEhvv87972,Male,013511895600,OBC,487486,241495,PDS,Ministry of Consumer Affairs,No
Ishita Shankar,52,590-07-4680,JFNYA07593,Female,862137766234,OBC,950607,273097,MNREGA,Ministry of Rural Development,No
Indali Murty,76,109-47-6208,ILQPY53258,Male,938439090385,General,008428,494705,Scholarship,Ministry of Education,No
Ganga Parmer,79,644-97-4984,oUYBH45431,Male,558198378911,SC,393151,169949,PMAY,Ministry of Housing and Urban Affairs,No
Dalbir Pau,36,126-15-1966,ETANm15813,Female,888928848945,SC,606449,113810,Scholarship,Ministry of Education,Yes
Nachiket Atwal,25,325-05-6835,YxYhf86495,Male,718471833038,OBC,942201,625684,MNREGA,Ministry of Rural Development,No
Jackson Anand,30,517-06-6489,SjBZa15153,Female,514691898087,SC,449658,768715,MNREGA,Ministry of Rural Development,No
Yagnesh Shan,47,190-93-0375,kpBhP91834,Female,992802276271,OBC,159309,929502,Ayushman Bharat,Ministry of Health and Family Welfare,No
Urvi Sahni,24,443-12-6434,jnxEZ96017,Male,996425474594,General,106908,477343,PMAY,Ministry of Housing and Urban Affairs,No
Yoshita Grewal,70,022-86-7486,HnNPQ79178,Male,996841192377,General,873803,216289,Scholarship,Ministry of Education,No
Sara Dani,66,675-04-5922,glJYz97190,Female,764656814006,OBC,138726,510080,PDS,Ministry of Consumer Affairs,No
Ekani Agarwal,25,422-13-3460,dDYlr44968,Female,300317058574,General,541229,175089,PMAY,Ministry of Housing and Urban Affairs,No
Faras Magar,79,433-10-2873,XaLRO98445,Female,791452643775,SC,226810,450030,Ayushman Bharat,Ministry of Health and Family Welfare,No
Urishilla Buch,38,004-07-9675,sfqBF41012,Male,282085921638,SC,202260,858072,Ayushman Bharat,Ministry of Health and Family Welfare,No
Osha Verma,34,916-70-4901,vDDLm08985,Female,378387379023,General,866895,44618,Ayushman Bharat,Ministry of Health and Family Welfare,Yes
Anthony Kakar,65,043-40-9289,FNFgy02079,Male,884519288222,General,924149,23503,Ayushman Bharat,Ministry of Health and Family Welfare,Yes
Umang Ramanathan,78,112-73-6323,uUqZJ73915,Female,294215899702,SC,890676,757370,PMAY,Ministry of Housing and Urban Affairs,No
Lohit Bala,22,022-68-0573,feXVy03345,Male,975267255582,General,505973,480831,PDS,Ministry of Consumer Affairs,No
Dhriti Doctor,48,647-47-7443,HLcAE92390,Male,400530585440,General,785069,148063,PDS,Ministry of Consumer Affairs,Yes
Tanay Nigam,42,612-35-9484,EiqYw95569,Male,939115339003,General,646393,211336,Ayushman Bharat,Ministry of Health and Family Welfare,No
Bachittar Garg,57,248-17-6530,JyOMo56245,Female,567917524066,General,749697,788778,Scholarship,Ministry of Education,No
Jeet Sankar,53,529-45-8758,esudx91073,Male,291116524958,SC,939240,627886,Scholarship,Ministry of Education,No
Ubika Mistry,53,935-95-6834,EwcLC42848,Male,523127098973,SC,954561,942932,Scholarship,Ministry of Education,No
Vihaan More,65,695-13-3668,SzcDz49147,Male,867986304932,General,007948,855440,MNREGA,Ministry of Rural Development,No
Kai Patla,29,455-89-9454,mLSiQ41724,Female,522287306972,General,241112,583360,Ayushman Bharat,Ministry of Health and Family Welfare,No
Barkha Lal,76,979-07-6495,CcUbG62946,Female,601124227067,General,682156,360459,Ayushman Bharat,Ministry of Health and Family Welfare,No
Ronith Dhillon,67,324-04-2625,vJbEe90614,Male,813860208223,SC,109998,247898,MNREGA,Ministry of Rural Development,No
Anusha Nadig,48,235-66-8864,yJiBw85607,Other,411791602942,General,506276,527718,MNREGA,Ministry of Rural Development,No
Lajita Aggarwal,58,809-64-4869,DotfV16398,Female,008339281585,General,804065,605215,Scholarship,Ministry of Education,No
Vihaan Agarwal,33,530-74-7217,JqWjB05679,Male,046772532485,ST,693448,781761,PMAY,Ministry of Housing and Urban Affairs,No
Janani Dhar,61,111-28-4525,yZijF47473,Male,114641985175,General,296338,311864,Ayushman Bharat,Ministry of Health and Family Welfare,No
Jai Puri,23,262-20-4132,VALQW68678,Female,367569563170,General,836186,114313,MNREGA,Ministry of Rural Development,Yes
Krishna Bhat,26,048-18-4045,fJgsA88245,Female,069617795623,General,581753,271912,Scholarship,Ministry of Education,No
Urishilla Rama,50,916-40-6848,NeGbF01183,Female,369011130697,General,786501,520546,MNREGA,Ministry of Rural Development,No
Luke Lad,23,238-97-8663,vObUx59389,Male,462515622991,OBC,852297,600776,Scholarship,Ministry of Education,No
Yash Bala,24,045-30-5463,DLHaw65306,Male,697784782836,ST,452539,124849,Scholarship,Ministry of Education,Yes
Mitesh Luthra,37,529-69-2885,viPmQ82883,Male,358367369382,Other,478245,279582,PDS,Ministry of Consumer Affairs,No
Yashoda Varma,44,861-73-0850,rjvfE24903,Female,085943826618,OBC,765076,52347,MNREGA,Ministry of Rural Development,Yes
Forum Dugar,28,802-18-3403,nGwWP18703,Male,076177853568,General,758351,405112,PMAY,Ministry of Housing and Urban Affairs,No
Andrew Koshy,61,885-44-9885,zsCjm43603,Male,317303966880,ST,146912,143791,Ayushman Bharat,Ministry of Health and Family Welfare,Yes
Raghav Vaidya,29,034-92-2482,VDFDo64101,Male,297010953943,ST,282228,935197,MNREGA,Ministry of Rural Development,No
Samar Venkatesh,19,898-33-2933,UyhCS52809,Female,091153972762,OBC,915442,281018,MNREGA,Ministry of Rural Development,No
Raksha Narayanan,43,824-29-3035,JwwnH92130,Female,206151328528,SC,070729,707260,PMAY,Ministry of Housing and Urban Affairs,No
Falak Shenoy,34,619-63-3143,BnVMl67392,Female,932248246869,OBC,405577,621837,PMAY,Ministry of Housing and Urban Affairs,No
Isaiah Naidu,50,031-02-5271,OKcLI90238,Female,781443913328,General,461858,775297,PMAY,Ministry of Housing and Urban Affairs,No
Hemani Singh,19,986-42-5436,AASjw47334,Male,201561746109,OBC,624256,769080,MNREGA,Ministry of Rural Development,No
Hamsini Konda,21,308-40-8033,TGshj33276,Female,876354183141,General,886987,357496,Scholarship,Ministry of Education,No
Wazir Talwar,28,374-20-3887,ZhazN85244,Female,837606369407,General,818999,354745,Ayushman Bharat,Ministry of Health and Family Welfare,No
Manya Chauhan,47,349-87-9158,tZDaS00882,Male,530381855136,General,096982,845678,Scholarship,Ministry of Education,No
Anita Prasad,72,009-17-9233,cspAF37256,Female,741744903642,General,602849,674827,PMAY,Ministry of Housing and Urban Affairs,No
Jacob Sachdev,76,592-34-1579,XKDne05024,Female,801061510064,OBC,178733,226070,PMAY,Ministry of Housing and Urban Affairs,No
Chandani Purohit,62,684-86-2779,BqeXc56014,Male,103618979793,OBC,812055,85762,MNREGA,Ministry of Rural Development,Yes
Lipika Banik,43,429-52-3343,ZjimB66636,Female,597103324978,OBC,112478,624855,PDS,Ministry of Consumer Affairs,No
Triveni Narayan,58,534-96-2987,RRxBy62591,Female,901498238986,OBC,195478,465505,MNREGA,Ministry of Rural Development,No
Maanav Wason,23,808-03-6830,cEcUu63431,Other,560200007063,General,110927,820682,PDS,Ministry of Consumer Affairs,No
Arunima Sen,62,729-83-8772,ciZNB16630,Female,945240572873,General,296051,261515,PDS,Ministry of Consumer Affairs,No
Harinakshi Kothari,39,119-11-4492,TVLEI05572,Male,427561056757,OBC,822979,397190,Ayushman Bharat,Ministry of Health and Family Welfare,No
Jason Borra,21,988-31-7354,qCLCj08015,Female,712179295993,General,312111,97367,Scholarship,Ministry of Education,Yes
Forum Mishra,41,026-25-4285,TlFPl93571,Male,335000899626,SC,635470,183721,PDS,Ministry of Consumer Affairs,No
Isaac Nath,71,565-05-4735,ZmQrB02588,Female,754690225530,OBC,795947,199973,Scholarship,Ministry of Education,No
Faris Malhotra,25,406-42-9985,QNAqB17406,Male,815620889047,General,893486,745114,MNREGA,Ministry of Rural Development,No
Madhav Pai,73,092-89-6695,iiKYr68073,Male,596429602842,ST,780073,870930,MNREGA,Ministry of Rural Development,No
Kai Kunda,18,653-60-3368,lfyHY54349,Female,799466758744,OBC,026675,303528,PDS,Ministry of Consumer Affairs,No
Nicholas Mangat,77,779-49-4036,ECrxy47538,Female,948611389703,General,337677,316924,Ayushman Bharat,Ministry of Health and Family Welfare,No
Harsh Peri,79,998-10-3754,ndVEs83581,Male,529608961704,General,464046,661872,Ayushman Bharat,Ministry of Health and Family Welfare,No
Baljiwan Dhillon,36,753-96-0942,YBlSb86686,Male,131560734346,OBC,492930,900002,PDS,Ministry of Consumer Affairs,No
Upma Rege,47,413-77-1138,DAMdC36427,Female,932779190601,OBC,775837,563843,Ayushman Bharat,Ministry of Health and Family Welfare,No
Rachana Kakar,21,298-24-0175,dCSOn67562,Male,153487308230,General,879149,518661,PMAY,Ministry of Housing and Urban Affairs,No
Hiral Sachar,75,295-60-0245,yPoEP18510,Other,910131896782,General,373783,736686,PDS,Ministry of Consumer Affairs,No
Ethan Din,35,507-08-5377,QvOpU32419,Female,663440720039,General,395481,218052,Scholarship,Ministry of Education,No
Jyoti Bhakta,41,081-10-4903,XEnEH27702,Female,936501728427,OBC,995610,562588,PDS,Ministry of Consumer Affairs,No
Gunbir Chahal,43,445-90-8343,MdqbW32832,Other,104311359231,OBC,562988,719353,MNREGA,Ministry of Rural Development,No
Yashoda Nagi,72,598-42-3305,IdGuT26309,Female,713576080450,General,737447,430987,MNREGA,Ministry of Rural Development,No
Jagdish Golla,37,765-63-3902,Iipbm23280,Male,195234888108,General,375928,656860,PDS,Ministry of Consumer Affairs,No
Hredhaan Sastry,79,734-87-6810,hNhVC27723,Female,276117785272,General,582833,266490,PMAY,Ministry of Housing and Urban Affairs,No
Jackson Jaggi,50,616-45-1087,owuRk65678,Male,817719866554,General,674138,900333,MNREGA,Ministry of Rural Development,No
Jason Patil,39,302-84-0535,EPKZd28242,Female,974651610361,OBC,214102,180316,Ayushman Bharat,Ministry of Health and Family Welfare,No
Sara Manne,40,554-52-4990,EQuZZ03246,Female,527638671033,OBC,450575,845422,MNREGA,Ministry of Rural Development,No
Omisha Lall,58,514-21-9898,jbPqs96370,Female,367940678443,General,869339,69631,PDS,Ministry of Consumer Affairs,Yes
Mekhala Deol,19,587-90-2289,TcNPX97607,Female,316565517130,General,268598,196325,PDS,Ministry of Consumer Affairs,No
Benjamin Yadav,57,460-10-6152,fSNNF40983,Female,421583947381,General,103560,725924,PMAY,Ministry of Housing and Urban Affairs,No
Abhimanyu Sethi,74,268-72-2358,PpXei81951,Female,194898948409,General,600620,211731,Scholarship,Ministry of Education,No
Hitesh Sanghvi,66,883-73-8875,rKlUj07844,Female,987028852694,General,680305,931884,PDS,Ministry of Consumer Affairs,No
Ekiya Buch,19,564-54-9188,MgWIb41957,Female,797500291749,General,723410,594241,PDS,Ministry of Consumer Affairs,No
Eiravati Sengupta,21,214-88-1114,RvStT25661,Male,525342095566,OBC,537912,873094,PMAY,Ministry of Housing and Urban Affairs,No
Isha Pandit,79,431-68-2787,fWSTu73257,Female,820475920214,General,443149,860350,Scholarship,Ministry of Education,No
Idika Raval,25,936-95-1980,sirvK81111,Female,401739429941,General,594851,404893,MNREGA,Ministry of Rural Development,No
Naksh Badal,75,907-01-6294,xdgDo33624,Male,003857345247,General,241501,483284,MNREGA,Ministry of Rural Development,No
Lucky Zachariah,51,083-26-0963,SkzoC14060,Male,220139812031,OBC,871867,141435,Scholarship,Ministry of Education,Yes
Yuvraj Bhargava,38,099-31-6863,yuNoK94106,Female,571676195625,General,917405,548740,PMAY,Ministry of Housing and Urban Affairs,No
Jagdish Vala,28,406-26-6556,HvAbD16305,Female,239829202749,OBC,750573,541991,PMAY,Ministry of Housing and Urban Affairs,No
Alka Kara,35,856-63-1670,CSDvw64236,Male,190590803517,SC,328275,599155,MNREGA,Ministry of Rural Development,No
Sai Patel,53,977-09-3220,rOFJg42014,Female,509435804221,General,432932,581053,PMAY,Ministry of Housing and Urban Affairs,No
Yagnesh Goyal,58,951-96-4906,ztCMd67644,Female,001402693792,General,268431,764922,Scholarship,Ministry of Education,No
Gopal Sathe,59,687-40-4158,RTbLe43877,Male,495744235189,General,072351,991604,PDS,Ministry of Consumer Affairs,No
Anya Sachdev,28,997-59-3800,dBCys03311,Male,022152055704,OBC,016104,230981,PDS,Ministry of Consumer Affairs,No
Maya Kari,54,742-26-9162,dOfrl63642,Female,758256717300,OBC,321169,856004,PDS,Ministry of Consumer Affairs,No
Reva Bail,36,034-61-5465,SjYHt36443,Male,274001902289,General,552491,283446,PMAY,Ministry of Housing and Urban Affairs,No
Harish Chaudhary,21,691-85-6569,pSDze70124,Male,422027002603,ST,185068,277159,Scholarship,Ministry of Education,No
Januja Radhakrishnan,18,337-86-2411,iYShE01235,Male,982563074672,General,414867,554604,PDS,Ministry of Consumer Affairs,No
Neel Iyer,37,964-71-3642,vTIsx58364,Female,418276018770,General,707719,876863,PDS,Ministry of Consumer Affairs,No
Panini Shukla,47,577-34-7246,ngrjk00402,Male,509393738809,General,288194,351684,Scholarship,Ministry of Education,No
Omya Acharya,68,448-65-4314,sjeom44963,Other,800671963804,General,033875,878489,PMAY,Ministry of Housing and Urban Affairs,No
Nicholas Memon,67,059-02-7219,VrVhL50979,Male,269423339536,General,153234,558027,PDS,Ministry of Consumer Affairs,No
Idika Cheema,48,812-45-3470,HBcuP67003,Male,835883908284,General,472814,624084,PDS,Ministry of Consumer Affairs,No
Warda Verma,26,856-18-5585,BdcrF59328,Male,661136309285,OBC,957961,568414,PDS,Ministry of Consumer Affairs,No
Lavanya Prashad,70,795-90-3838,bNyHn36420,Female,840982223472,ST,754232,607166,PMAY,Ministry of Housing and Urban Affairs,No
Pallavi Dass,46,303-50-8767,DviHj62460,Female,049257003792,General,007113,340970,PDS,Ministry of Consumer Affairs,No
Parth Bhalla,53,332-78-0524,taAMt40316,Female,999088930724,General,921508,430421,MNREGA,Ministry of Rural Development,No
Falguni Nair,72,477-30-0987,SKNih42894,Male,850991089809,General,033619,630913,PMAY,Ministry of Housing and Urban Affairs,No
Triveni Andra,53,711-29-4506,axxrk52195,Other,129433309758,General,717215,831136,Scholarship,Ministry of Education,No
Ayushman Loyal,39,870-57-1799,DEPVI70810,Male,377255380667,General,135680,352523,MNREGA,Ministry of Rural Development,No
Ojas Suresh,77,953-58-6311,GwFiS15101,Male,130714463626,General,719109,868990,Ayushman Bharat,Ministry of Health and Family Welfare,No
Yashica Bose,22,331-55-2189,GhUKq59036,Female,014659829416,OBC,544957,851771,Scholarship,Ministry of Education,No
Nachiket Dewan,29,152-87-4831,aETQu02793,Female,412612086179,General,317334,412353,PMAY,Ministry of Housing and Urban Affairs,No
Yagnesh Pillay,73,083-16-5783,XdVdC44007,Female,308208053319,SC,221954,590654,MNREGA,Ministry of Rural Development,No
Pavani Mittal,57,966-82-9127,MEmhA74975,Female,423925459732,General,806044,773710,Scholarship,Ministry of Education,No
Lekha Badami,42,047-51-4960,PplsS70256,Female,717800881948,General,007131,414371,PDS,Ministry of Consumer Affairs,No
Vasudha Bose,52,737-81-5660,NlChA32194,Female,867120768119,General,502057,683803,PDS,Ministry of Consumer Affairs,No
Dominic Joshi,56,219-45-1361,TuYwz07812,Male,924170173719,OBC,900623,772957,Ayushman Bharat,Ministry of Health and Family Welfare,No
Charles Kade,76,343-26-8409,ScNUn85837,Female,132235605787,General,505800,250572,PMAY,Ministry of Housing and Urban Affairs,No
Advika Hans,44,949-61-2990,kXLqu78710,Male,161866595772,ST,003066,326538,Scholarship,Ministry of Education,No
Nitara Mane,68,500-28-2331,KxJVK16609,Male,626206196739,General,213161,180723,PMAY,Ministry of Housing and Urban Affairs,No
Sara Date,48,770-96-4408,oPYHo76970,Female,381117303362,General,763290,539157,Ayushman Bharat,Ministry of Health and Family Welfare,No
Fitan Chandra,23,777-53-3335,FHgHv22564,Male,900918713647,OBC,904871,179300,PDS,Ministry of Consumer Affairs,No
Bhanumati Anand,79,843-08-5409,TjKCo32099,Male,253242069564,SC,252699,285616,PDS,Ministry of Consumer Affairs,No
Om Sane,29,809-27-0047,iaMMB03399,Female,330150611855,General,120413,452328,Scholarship,Ministry of Education,No
Aadhya Chandran,70,985-47-0648,KgZki19464,Female,040735903179,General,981909,277686,PMAY,Ministry of Housing and Urban Affairs,No
Rachana Buch,39,817-37-5379,KaLOK87325,Female,540610085863,General,509945,397436,PDS,Ministry of Consumer Affairs,No
Daksh Mane,56,407-02-6952,haDfV04757,Male,262576621795,OBC,429324,982155,PMAY,Ministry of Housing and Urban Affairs,No
Veda Borde,42,809-52-2760,xeRTL32127,Male,317595491489,General,882060,292439,Scholarship,Ministry of Education,No
Kala Shankar,50,244-09-4804,PUWug65755,Male,210409140164,OBC,132614,99522,PMAY,Ministry of Housing and Urban Affairs,Yes
Ubika Mishra,64,704-36-9217,riAsl16960,Male,953335129475,General,427087,585589,MNREGA,Ministry of Rural Development,No
Ekaja Mangat,49,560-31-1184,QcWRQ40621,Female,834395862811,General,165564,652887,Scholarship,Ministry of Education,No
Akshay Raju,49,374-96-7110,aBgew22044,Female,858140044332,OBC,984784,821835,MNREGA,Ministry of Rural Development,No
Shivansh Bains,48,336-65-5239,yhzkz22336,Female,259377929656,General,256965,402958,Scholarship,Ministry of Education,No
Anmol Bath,67,246-71-2121,JWXSj04790,Male,656338729820,SC,014513,807538,Ayushman Bharat,Ministry of Health and Family Welfare,No
Brijesh Natarajan,47,750-62-0278,oNEYB45895,Female,613593365145,General,164918,437386,MNREGA,Ministry of Rural Development,No
Jacob Suri,31,658-46-2969,oKtra92318,Male,228635715035,OBC,902161,423478,Ayushman Bharat,Ministry of Health and Family Welfare,No
Janaki Dugal,64,093-38-0360,EFlvn00878,Female,407219945894,General,192394,692314,Ayushman Bharat,Ministry of Health and Family Welfare,No
George Bahri,26,224-42-8150,cYdCA12631,Male,320082326751,OBC,638142,940657,PMAY,Ministry of Housing and Urban Affairs,No
Ucchal Wable,44,453-62-6846,QePYq62314,Male,148482842264,General,789577,686231,MNREGA,Ministry of Rural Development,No
Saksham Varghese,27,032-25-3289,sgZlN34590,Male,072375700096,OBC,904066,236586,PMAY,Ministry of Housing and Urban Affairs,No
Xiti Pandey,40,028-35-2666,msURb72677,Male,107575893627,General,103133,320480,PDS,Ministry of Consumer Affairs,No
Ekalinga Trivedi,53,863-47-2588,OKByv31771,Male,400021474471,OBC,328076,297240,Scholarship,Ministry of Education,No
Abhimanyu Garg,32,581-91-1253,gpTuG76467,Other,291462892943,SC,125047,379106,PMAY,Ministry of Housing and Urban Affairs,No
Jason Amble,52,070-57-3727,UtfAX91709,Male,824938495689,OBC,526782,340753,Ayushman Bharat,Ministry of Health and Family Welfare,No
Noah Bandi,34,690-14-6458,GwLdZ88495,Male,273793744216,ST,241481,64242,Ayushman Bharat,Ministry of Health and Family Welfare,Yes
Niharika Reddy,74,195-09-0524,ICWyc70681,Female,723947007958,General,526670,574589,MNREGA,Ministry of Rural Development,No
Karan Mand,19,700-48-1727,dVgUS44653,Female,686671874545,SC,252517,370108,MNREGA,Ministry of Rural Development,No
Upadhriti Bhatti,33,515-98-1452,mAIzX49734,Male,520086186365,Other,008659,114246,MNREGA,Ministry of Rural Development,Yes
Dalaja Kakar,78,566-72-8220,urBWQ99802,Female,675700085554,General,420730,71980,Scholarship,Ministry of Education,Yes
Teerth Chokshi,30,590-43-4830,Hspne89325,Male,423723635549,General,091203,261380,Ayushman Bharat,Ministry of Health and Family Welfare,No
Vinaya Sathe,61,350-72-3978,znPnA13780,Male,823002286030,OBC,459670,107271,MNREGA,Ministry of Rural Development,Yes
Deepa Contractor,25,673-64-7631,mwtlO51370,Female,062537259206,OBC,428148,555447,Scholarship,Ministry of Education,No
Anya Dada,62,918-90-3776,UnNIr88808,Female,966783187096,ST,719985,160516,Scholarship,Ministry of Education,No
Chakradhar Gulati,58,630-86-1234,ZyTEb48656,Female,737896830758,OBC,090371,876747,Ayushman Bharat,Ministry of Health and Family Welfare,No
Wakeeta Luthra,45,155-61-7252,HzyZa97800,Male,886465647372,SC,854422,134058,PMAY,Ministry of Housing and Urban Affairs,Yes
Chandani Gaba,61,463-18-6133,WGZnm28170,Female,439536779949,General,131987,851214,PDS,Ministry of Consumer Affairs,No
Ikbal Nayar,42,032-06-2400,jdkwz74896,Male,503411413161,General,459844,25389,Scholarship,Ministry of Education,Yes
Ojasvi Chaudhari,40,852-74-1879,XAspd38720,Male,017771825399,General,336289,358296,PMAY,Ministry of Housing and Urban Affairs,No
Amaira Borra,43,609-64-5495,VgKKN11230,Female,790004341528,ST,270523,78793,MNREGA,Ministry of Rural Development,Yes
Qadim Dube,69,987-42-0641,oxIxz36694,Female,335994726014,General,055022,711882,PDS,Ministry of Consumer Affairs,No
Tarak Shere,56,243-61-4877,CGEOO86574,Male,854730315121,General,532781,878198,Scholarship,Ministry of Education,No
Ethan Savant,56,086-30-7911,FztCe66978,Male,272698934506,OBC,846158,669656,PDS,Ministry of Consumer Affairs,No
Ikshita Kata,69,947-69-9837,BtozN93372,Female,644903189254,SC,318974,812349,MNREGA,Ministry of Rural Development,No
Raksha Saran,76,069-28-3738,YOqmq76179,Female,487079076709,OBC,254420,508524,MNREGA,Ministry of Rural Development,No
Wriddhish Ratti,49,927-96-4650,GzcJJ41216,Male,720770821212,General,340567,855600,PDS,Ministry of Consumer Affairs,No
Gunbir Sarkar,19,252-45-0699,SLETN05178,Male,956111425387,General,977461,132448,PDS,Ministry of Consumer Affairs,Yes
Arjun Tripathi,39,780-82-5556,kBZUN09459,Female,098334232402,OBC,614678,526867,MNREGA,Ministry of Rural Development,No
Ansh Patla,29,620-91-9286,cBMZD80603,Female,996846047762,ST,791676,758003,PDS,Ministry of Consumer Affairs,No
Vedhika Kohli,23,270-06-0373,JqJyg90579,Female,140218387588,OBC,839249,276018,Ayushman Bharat,Ministry of Health and Family Welfare,No
Ekanta Raju,26,200-93-2013,PVZpl62839,Female,338000086428,General,492053,795673,PDS,Ministry of Consumer Affairs,No
Waida Vig,39,356-71-6880,uSJQd93597,Female,846027504471,General,402904,793196,Ayushman Bharat,Ministry of Health and Family Welfare,No
Henry Date,47,034-31-3674,PayRt58611,Female,666932326213,General,984344,837885,MNREGA,Ministry of Rural Development,No
Vaishnavi Saini,55,133-52-8984,hmPKD65733,Other,919777430703,OBC,909091,986569,PMAY,Ministry of Housing and Urban Affairs,No
Chandresh Chandran,34,979-59-5823,DETve37755,Male,326108661728,General,915115,464292,Scholarship,Ministry of Education,No
Daksh Palan,26,467-64-1072,LcSkq59999,Female,190077690069,OBC,312631,28519,PDS,Ministry of Consumer Affairs,Yes
Sachi Mistry,27,117-51-3507,cpCMo67569,Female,170825912244,OBC,373619,660060,PDS,Ministry of Consumer Affairs,No
Neel Nath,43,609-69-7677,ooLbj48205,Male,463891145415,General,701698,261946,PMAY,Ministry of Housing and Urban Affairs,No
Kamya Pandit,75,061-08-1818,WwRia60482,Female,348938894328,OBC,927818,245319,Scholarship,Ministry of Education,No
Watika Dube,22,099-64-0577,ilaMJ04721,Male,406521716089,General,059620,351201,MNREGA,Ministry of Rural Development,No
Yash Anand,24,479-79-2116,znqCA02750,Female,383629827003,General,188312,863966,MNREGA,Ministry of Rural Development,No
Jatin Cheema,32,083-03-2560,WoJUm96565,Female,703698825735,OBC,350066,732324,PMAY,Ministry of Housing and Urban Affairs,No
Gavin Ramachandran,61,459-85-7375,GcJCD73313,Other,551090370880,General,138926,682213,Ayushman Bharat,Ministry of Health and Family Welfare,No
Pranav Bala,50,231-35-6147,SQqgX45192,Male,260569838815,General,246104,450435,Ayushman Bharat,Ministry of Health and Family Welfare,No
Baljiwan Shah,39,340-90-5603,AEGqE87676,Male,606749760619,General,719035,320009,Ayushman Bharat,Ministry of Health and Family Welfare,No
Barkha Anand,47,696-46-3039,EiPik42913,Female,647381957785,ST,830624,36753,PDS,Ministry of Consumer Affairs,Yes
Suhani Madan,78,058-33-4636,vchDI67799,Female,895683845069,General,401571,450840,PDS,Ministry of Consumer Affairs,No
Madhavi Suri,47,967-84-1842,PAYYc77093,Male,593229331973,OBC,442426,586355,PDS,Ministry of Consumer Affairs,No
Oscar Char,36,477-98-5025,dyDPd92999,Male,704682114128,SC,117333,259054,Ayushman Bharat,Ministry of Health and Family Welfare,No
Sai Loyal,47,393-80-8419,fHmFw62381,Female,317385843995,General,295263,363183,PMAY,Ministry of Housing and Urban Affairs,No
Brinda Krishnan,46,616-15-2246,oRkUk33230,Male,619459214100,OBC,328796,792286,PMAY,Ministry of Housing and Urban Affairs,No
Karan Tailor,55,098-07-5902,FwTCe68617,Male,153074429179,OBC,912501,563896,Scholarship,Ministry of Education,No
Gagan Rama,76,939-01-4891,Hgtsd44143,Female,299349018684,General,228322,636785,PDS,Ministry of Consumer Affairs,No
Charvi Kapoor,26,035-69-1967,yeJDT02063,Female,189242674830,General,771561,753027,Ayushman Bharat,Ministry of Health and Family Welfare,No
Isha Jha,49,337-44-4801,gcVvi55809,Male,041076153067,General,741529,593425,Ayushman Bharat,Ministry of Health and Family Welfare,No
Yashoda Badal,78,646-45-2019,ypyaL41568,Female,606699026835,General,416448,153052,PMAY,Ministry of Housing and Urban Affairs,No
Vivaan Chander,77,571-29-2933,oSmNk53363,Female,768267780182,SC,806944,56261,Ayushman Bharat,Ministry of Health and Family Welfare,Yes
Ubika Andra,47,502-33-1310,InueZ01782,Female,908801842030,General,942699,473302,Ayushman Bharat,Ministry of Health and Family Welfare,No
Ekaja Ganesan,59,321-51-1786,IxNLt93549,Male,092839263358,OBC,640700,377743,Ayushman Bharat,Ministry of Health and Family Welfare,No
Vihaan Chana,41,125-54-8192,YghAs40041,Male,188382197151,General,401591,983843,MNREGA,Ministry of Rural Development,No
Anamika Din,67,646-71-8866,gwTAx71239,Male,566988378332,OBC,252740,378179,Scholarship,Ministry of Education,No
Daniel Lanka,77,333-32-6134,yMYjl64574,Female,350181284131,General,683710,718622,Scholarship,Ministry of Education,No
Jagdish Sarin,19,352-20-1064,RAsyW35072,Male,485446822512,ST,783339,365823,PMAY,Ministry of Housing and Urban Affairs,No
Zaid Deo,32,478-34-7492,ScEkt04496,Male,664113383069,General,687125,434342,PDS,Ministry of Consumer Affairs,No
Yachana Anne,71,090-26-1192,acdoX94071,Male,895762725088,OBC,410157,369179,PDS,Ministry of Consumer Affairs,No
Oliver Sandal,44,203-00-4190,YdAra41126,Female,599967435117,OBC,703831,432455,PMAY,Ministry of Housing and Urban Affairs,No
Charan Goswami,25,983-25-3946,IMnvH57077,Female,954605907363,General,532301,931066,PMAY,Ministry of Housing and Urban Affairs,No
Chandran Ramanathan,22,683-93-2571,WrGDy99413,Male,620996922779,OBC,748397,453715,Scholarship,Ministry of Education,No
Aryan Khurana,78,982-69-8316,nOBJD07192,Male,846911250685,OBC,317404,623779,MNREGA,Ministry of Rural Development,No
Raghav Dâ€™Alia,52,053-85-2701,NbHCn84089,Female,039189976078,OBC,363262,807579,Scholarship,Ministry of Education,No
Anirudh Taneja,38,209-89-1097,UUGgO30437,Female,375125878045,OBC,381953,261449,PDS,Ministry of Consumer Affairs,No
Januja Babu,67,247-93-5935,Hngpa63696,Female,235341983502,General,025119,872488,Scholarship,Ministry of Education,No
Aachal Dugar,32,539-20-1657,caUMG64259,Male,426948653728,General,977750,442307,PMAY,Ministry of Housing and Urban Affairs,No
Triveni Srinivasan,62,015-60-2666,yzgkS94918,Male,338020424903,OBC,032356,592798,PMAY,Ministry of Housing and Urban Affairs,No
