Name,Adhaar No.,PAN Number,Number of Dependents,Medical Expenses,Loan Status,No. of Schemes Availed,Annual Income,Employment Status,Age,Real Estate Status,Bank Balance,Ministry,Scheme,ELIGIBILITY CRITERIA
Person_784,1378336436,ABCDE5824F,5,56783,No,1,71577,Employed,31,Own,218260,Ministry Of Agriculture and Farmers Welfare,PM-Kisan,YES
Person_448,8840820775,ABCDE1060F,4,15696,No,1,370473,Unemployed,60,Own,394263,Ministry Of Chemicals And Fertilizers,Fertilizer Subsidy,YES
Person_886,3580123676,ABCDE6026F,3,40690,No,0,980095,Self-Employed,57,Own,59752,Ministry Of Chemicals And Fertilizers,Nutrient-Based Subsidy,YES
Person_95,3813722227,ABCDE6259F,5,65376,No,0,296523,Self-Employed,65,,16861,Ministry Of Agriculture and Farmers Welfare,PM-Kisan,NO
Person_628,5844654146,ABCDE8565F,4,61366,Yes,1,299833,Employed,54,,369012,Ministry Of Chemicals And Fertilizers,Fertilizer Subsidy,NO
Person_757,1388386927,ABCDE3331F,1,48634,No,2,119602,Employed,71,Rent,19994,Ministry Of Agriculture and Farmers Welfare,RKVY,NO
Person_536,8012789607,ABCDE7603F,4,89026,Yes,0,225834,Unemployed,28,,82616,Ministry Of Chemicals And Fertilizers,Nutrient-Based Subsidy,NO
Person_962,8436591944,ABCDE2546F,3,90186,No,1,510316,Self-Employed,30,Own,58295,Ministry Of Chemicals And Fertilizers,Fertilizer Subsidy,YES
Person_397,8860831239,ABCDE1373F,0,66771,Yes,2,951831,Self-Employed,35,,71265,Ministry Of Agriculture and Farmers Welfare,PM-Kisan,YES
Person_455,5915964793,ABCDE1181F,2,8878,No,0,845174,Employed,46,Own,342414,Ministry Of Chemicals And Fertilizers,Fertilizer Subsidy,YES
Person_21,9630565811,ABCDE7369F,0,8672,No,1,469542,Employed,63,Own,345911,Ministry Of Chemicals And Fertilizers,Fertilizer Subsidy,YES
Person_850,6223943725,ABCDE8000F,4,32188,Yes,0,396709,Self-Employed,27,Rent,294363,Ministry Of Chemicals And Fertilizers,Fertilizer Subsidy,NO
Person_186,4897551165,ABCDE7498F,5,98197,Yes,2,483789,Self-Employed,21,Rent,337748,Ministry Of Agriculture and Farmers Welfare,RKVY,YES
Person_351,8137881183,ABCDE2741F,4,22570,Yes,1,644589,Self-Employed,72,Own,465992,Ministry Of Agriculture and Farmers Welfare,PM-Kisan,YES
Person_778,4481652434,ABCDE9481F,1,39326,No,2,448846,Unemployed,54,Own,160379,Ministry Of Agriculture and Farmers Welfare,PM-Kisan,YES
Person_912,9201634793,ABCDE3749F,2,8093,Yes,1,805775,Self-Employed,63,,172941,Ministry Of Chemicals And Fertilizers,Nutrient-Based Subsidy,YES
Person_535,3594749434,ABCDE4534F,5,51317,Yes,0,588253,Self-Employed,54,,349417,Ministry Of Chemicals And Fertilizers,Nutrient-Based Subsidy,YES
Person_591,5346116305,ABCDE4108F,4,30040,Yes,0,469512,Employed,18,,321384,Ministry Of Chemicals And Fertilizers,Nutrient-Based Subsidy,YES
Person_816,1769257749,ABCDE1591F,5,24017,Yes,1,544115,Unemployed,25,Own,288176,Ministry Of Agriculture and Farmers Welfare,RKVY,YES
Person_129,7231710474,ABCDE3333F,4,17630,Yes,0,613241,Self-Employed,71,,75522,Ministry Of Chemicals And Fertilizers,Nutrient-Based Subsidy,YES
Person_378,7217762399,ABCDE4417F,1,96322,No,1,97829,Employed,73,Rent,160602,Ministry Of Agriculture and Farmers Welfare,PM-Kisan,NO
Person_846,2815060168,ABCDE8980F,5,94973,No,1,954418,Unemployed,18,,43790,Ministry Of Chemicals And Fertilizers,Nutrient-Based Subsidy,YES
Person_472,5074533276,ABCDE8461F,3,51716,Yes,0,406724,Employed,44,Rent,201546,Ministry Of Agriculture and Farmers Welfare,RKVY,YES
Person_494,6785364035,ABCDE2023F,4,27012,No,1,692992,Unemployed,44,,65501,Ministry Of Chemicals And Fertilizers,Fertilizer Subsidy,YES
Person_637,1316144934,ABCDE8641F,4,42303,Yes,1,656561,Employed,19,Own,187343,Ministry Of Chemicals And Fertilizers,Nutrient-Based Subsidy,YES
Person_223,2374947227,ABCDE2838F,5,85551,No,2,527384,Unemployed,24,Rent,205793,Ministry Of Agriculture and Farmers Welfare,RKVY,YES
Person_814,3500603157,ABCDE5428F,5,53062,No,2,932674,Employed,38,Rent,465828,Ministry Of Chemicals And Fertilizers,Fertilizer Subsidy,YES
Person_127,1295795516,ABCDE4184F,4,43948,No,1,462828,Employed,57,Rent,290349,Ministry Of Chemicals And Fertilizers,Fertilizer Subsidy,YES
Person_832,5235277290,ABCDE3403F,1,33123,No,0,620780,Self-Employed,44,,202993,Ministry Of Agriculture and Farmers Welfare,PM-Kisan,YES
Person_187,4215825454,ABCDE2256F,4,79388,Yes,1,885587,Unemployed,56,Own,90448,Ministry Of Chemicals And Fertilizers,Fertilizer Subsidy,YES
Person_375,8049551831,ABCDE3276F,3,22458,No,2,961172,Employed,24,Own,304212,Ministry Of Chemicals And Fertilizers,Nutrient-Based Subsidy,YES
Person_489,3652703016,ABCDE3988F,0,55103,Yes,1,324406,Self-Employed,50,,277370,Ministry Of Chemicals And Fertilizers,Nutrient-Based Subsidy,NO
Person_796,7287535553,ABCDE3941F,1,87643,No,0,404280,Employed,33,Rent,80144,Ministry Of Agriculture and Farmers Welfare,PM-Kisan,YES
Person_448,8923353355,ABCDE7538F,0,47785,Yes,2,422003,Self-Employed,31,,131990,Ministry Of Chemicals And Fertilizers,Nutrient-Based Subsidy,YES
Person_22,1960975158,ABCDE2941F,3,27520,Yes,0,612385,Unemployed,33,,423269,Ministry Of Chemicals And Fertilizers,Nutrient-Based Subsidy,YES
Person_109,5480478946,ABCDE9504F,0,53131,No,2,615960,Employed,22,Rent,397676,Ministry Of Agriculture and Farmers Welfare,RKVY,YES
Person_159,5349632560,ABCDE6913F,1,42655,No,0,600100,Employed,18,Rent,170792,Ministry Of Chemicals And Fertilizers,Nutrient-Based Subsidy,YES
Person_908,3966316388,ABCDE6895F,2,14310,No,0,358480,Employed,57,Own,8294,Ministry Of Chemicals And Fertilizers,Nutrient-Based Subsidy,NO
Person_640,6957590707,ABCDE4298F,5,24155,Yes,2,66702,Unemployed,73,Rent,371693,Ministry Of Chemicals And Fertilizers,Fertilizer Subsidy,NO
Person_128,6186467951,ABCDE5597F,5,60332,No,1,447318,Self-Employed,71,Rent,376108,Ministry Of Chemicals And Fertilizers,Fertilizer Subsidy,YES
Person_171,1896475258,ABCDE6670F,3,75827,Yes,1,244507,Unemployed,73,Rent,347155,Ministry Of Agriculture and Farmers Welfare,PM-Kisan,NO
Person_477,7746802662,ABCDE8707F,5,41427,Yes,1,421292,Unemployed,42,Rent,376162,Ministry Of Chemicals And Fertilizers,Nutrient-Based Subsidy,YES
Person_981,5398866275,ABCDE9601F,3,40393,Yes,1,106521,Unemployed,73,Own,477430,Ministry Of Agriculture and Farmers Welfare,RKVY,YES
Person_561,4524465725,ABCDE9457F,1,13537,No,0,654615,Unemployed,25,Own,211714,Ministry Of Agriculture and Farmers Welfare,RKVY,YES
Person_773,9324726062,ABCDE2466F,0,15389,Yes,0,377043,Self-Employed,39,Rent,183937,Ministry Of Chemicals And Fertilizers,Fertilizer Subsidy,NO
Person_169,2633059407,ABCDE2515F,4,53869,Yes,1,478529,Unemployed,39,Own,357850,Ministry Of Chemicals And Fertilizers,Nutrient-Based Subsidy,YES
Person_509,2970534611,ABCDE9771F,0,98692,Yes,0,107558,Unemployed,37,,312304,Ministry Of Agriculture and Farmers Welfare,PM-Kisan,NO
Person_335,3866454498,ABCDE9121F,1,90816,No,2,528894,Employed,34,Rent,157561,Ministry Of Chemicals And Fertilizers,Fertilizer Subsidy,YES
Person_587,6421687959,ABCDE3853F,5,60494,No,1,879928,Unemployed,65,Own,462831,Ministry Of Agriculture and Farmers Welfare,PM-Kisan,YES
Person_419,7813542610,ABCDE4565F,0,10966,Yes,2,604270,Unemployed,64,,10252,Ministry Of Agriculture and Farmers Welfare,RKVY,YES
Person_738,1319112693,ABCDE9445F,1,85691,No,1,188163,Self-Employed,49,,311431,Ministry Of Chemicals And Fertilizers,Fertilizer Subsidy,NO
Person_790,9592089971,ABCDE9231F,0,11731,Yes,1,832512,Unemployed,33,Own,406342,Ministry Of Chemicals And Fertilizers,Nutrient-Based Subsidy,YES
Person_300,9722182260,ABCDE9667F,5,41075,No,2,77098,Employed,55,,152529,Ministry Of Chemicals And Fertilizers,Nutrient-Based Subsidy,NO
Person_386,4669365572,ABCDE1787F,0,72749,No,2,448553,Employed,31,Rent,107677,Ministry Of Chemicals And Fertilizers,Fertilizer Subsidy,YES
Person_763,6085710581,ABCDE3372F,5,78901,No,2,225386,Employed,48,,380369,Ministry Of Chemicals And Fertilizers,Fertilizer Subsidy,NO
Person_953,9018669778,ABCDE2010F,5,21137,Yes,1,701961,Employed,54,,493548,Ministry Of Agriculture and Farmers Welfare,PM-Kisan,YES
Person_674,7053383925,ABCDE6904F,2,53617,No,2,866513,Self-Employed,54,,494122,Ministry Of Chemicals And Fertilizers,Fertilizer Subsidy,YES
Person_993,2248495258,ABCDE7019F,0,12540,Yes,1,545344,Self-Employed,42,Own,354709,Ministry Of Chemicals And Fertilizers,Fertilizer Subsidy,YES
Person_711,5125524188,ABCDE3520F,5,6828,No,2,881327,Unemployed,18,Rent,282302,Ministry Of Chemicals And Fertilizers,Fertilizer Subsidy,YES
Person_767,7710992475,ABCDE3400F,2,82117,Yes,1,920647,Unemployed,24,Own,250569,Ministry Of Agriculture and Farmers Welfare,PM-Kisan,YES
Person_207,4441073068,ABCDE3358F,1,81161,No,2,449561,Employed,71,,216392,Ministry Of Chemicals And Fertilizers,Fertilizer Subsidy,YES
Person_677,6209714275,ABCDE9197F,2,28818,No,0,816895,Self-Employed,40,Rent,146803,Ministry Of Agriculture and Farmers Welfare,PM-Kisan,YES
Person_589,2068403764,ABCDE9163F,0,39413,Yes,1,145995,Self-Employed,29,,195483,Ministry Of Chemicals And Fertilizers,Fertilizer Subsidy,NO
Person_923,5777488032,ABCDE2876F,0,34598,No,0,277704,Employed,67,Rent,276748,Ministry Of Chemicals And Fertilizers,Nutrient-Based Subsidy,NO
Person_399,8035863927,ABCDE8632F,1,21324,Yes,1,859423,Unemployed,71,Own,282333,Ministry Of Chemicals And Fertilizers,Nutrient-Based Subsidy,YES
Person_426,4341988048,ABCDE5100F,4,18798,No,1,254439,Self-Employed,54,Rent,90130,Ministry Of Chemicals And Fertilizers,Nutrient-Based Subsidy,NO
Person_989,1340925226,ABCDE6902F,3,71850,No,1,914057,Employed,45,Own,157734,Ministry Of Agriculture and Farmers Welfare,RKVY,YES
Person_910,6387028309,ABCDE7153F,0,13117,No,2,797270,Self-Employed,73,Own,392546,Ministry Of Agriculture and Farmers Welfare,RKVY,YES
Person_714,6123397328,ABCDE8145F,2,85000,No,1,382103,Employed,18,Rent,384603,Ministry Of Agriculture and Farmers Welfare,PM-Kisan,NO
Person_688,1846344891,ABCDE9747F,3,87791,No,0,154486,Employed,27,Own,128375,Ministry Of Agriculture and Farmers Welfare,PM-Kisan,NO
Person_913,1922036211,ABCDE1873F,5,24574,Yes,1,979070,Unemployed,66,,130411,Ministry Of Agriculture and Farmers Welfare,RKVY,YES
Person_994,6406871467,ABCDE2460F,5,8605,Yes,1,850525,Unemployed,56,Rent,353512,Ministry Of Chemicals And Fertilizers,Nutrient-Based Subsidy,YES
Person_105,1570201403,ABCDE3312F,1,38283,No,0,469505,Employed,69,Rent,141055,Ministry Of Agriculture and Farmers Welfare,RKVY,YES
Person_557,1804901834,ABCDE2653F,2,72247,No,0,187273,Employed,62,Rent,112457,Ministry Of Agriculture and Farmers Welfare,RKVY,NO
Person_332,3965490512,ABCDE6414F,1,73866,No,2,927138,Employed,66,,291613,Ministry Of Agriculture and Farmers Welfare,PM-Kisan,YES
Person_242,7325750793,ABCDE9105F,4,59036,No,1,665545,Self-Employed,75,Rent,362919,Ministry Of Chemicals And Fertilizers,Fertilizer Subsidy,YES
Person_711,7336832867,ABCDE4263F,4,13908,Yes,1,186756,Unemployed,67,Rent,343949,Ministry Of Agriculture and Farmers Welfare,RKVY,NO
Person_414,1642287436,ABCDE7727F,4,89792,Yes,1,181428,Unemployed,46,Own,92768,Ministry Of Agriculture and Farmers Welfare,PM-Kisan,NO
Person_577,8923918697,ABCDE8759F,4,75884,No,2,913378,Employed,74,Own,7593,Ministry Of Agriculture and Farmers Welfare,PM-Kisan,YES
Person_255,4701199667,ABCDE5527F,5,68580,Yes,0,829141,Self-Employed,62,Rent,404655,Ministry Of Chemicals And Fertilizers,Fertilizer Subsidy,YES
Person_75,4288782437,ABCDE9634F,0,93670,Yes,1,861470,Unemployed,35,Own,80013,Ministry Of Agriculture and Farmers Welfare,RKVY,YES
Person_377,5822682111,ABCDE4290F,0,51501,Yes,2,249890,Self-Employed,35,Own,52312,Ministry Of Agriculture and Farmers Welfare,RKVY,NO
Person_734,2492004564,ABCDE6309F,5,68321,Yes,0,602552,Employed,72,Rent,426422,Ministry Of Chemicals And Fertilizers,Nutrient-Based Subsidy,YES
Person_288,4634308940,ABCDE7122F,2,9745,Yes,1,331585,Employed,38,Rent,268548,Ministry Of Chemicals And Fertilizers,Fertilizer Subsidy,NO
Person_114,4379850613,ABCDE4015F,3,42504,Yes,2,575818,Self-Employed,34,Rent,128481,Ministry Of Chemicals And Fertilizers,Nutrient-Based Subsidy,YES
Person_570,2523071244,ABCDE7507F,0,58755,No,0,919289,Self-Employed,50,Own,209855,Ministry Of Agriculture and Farmers Welfare,RKVY,YES
Person_639,9505567084,ABCDE6756F,4,29207,No,0,602362,Self-Employed,28,,193201,Ministry Of Chemicals And Fertilizers,Fertilizer Subsidy,YES
Person_699,5778835924,ABCDE2309F,4,27584,No,2,249952,Employed,34,,150803,Ministry Of Agriculture and Farmers Welfare,PM-Kisan,NO
Person_463,9390866588,ABCDE7922F,0,15084,Yes,0,256168,Unemployed,36,Rent,231433,Ministry Of Agriculture and Farmers Welfare,RKVY,NO
Person_573,9600517339,ABCDE4632F,5,43786,No,0,722038,Employed,47,,253189,Ministry Of Chemicals And Fertilizers,Fertilizer Subsidy,YES
Person_107,6386215974,ABCDE5609F,4,66124,No,1,694062,Self-Employed,52,Rent,315457,Ministry Of Agriculture and Farmers Welfare,PM-Kisan,YES
Person_335,6096141812,ABCDE1667F,1,41564,No,2,843440,Unemployed,53,Own,441490,Ministry Of Agriculture and Farmers Welfare,PM-Kisan,YES
Person_533,7455638033,ABCDE9085F,4,14245,No,2,454079,Unemployed,51,Own,162604,Ministry Of Agriculture and Farmers Welfare,RKVY,YES
Person_412,5986261242,ABCDE2019F,3,92689,Yes,1,531439,Employed,29,Rent,18941,Ministry Of Chemicals And Fertilizers,Nutrient-Based Subsidy,YES
Person_56,1480973147,ABCDE8900F,1,54039,No,2,674704,Unemployed,29,,138572,Ministry Of Chemicals And Fertilizers,Nutrient-Based Subsidy,YES
Person_206,7929596185,ABCDE9137F,0,59855,Yes,0,445328,Self-Employed,29,Rent,135684,Ministry Of Chemicals And Fertilizers,Fertilizer Subsidy,YES
Person_847,8748937790,ABCDE2635F,2,56449,Yes,1,954534,Self-Employed,39,Own,375115,Ministry Of Chemicals And Fertilizers,Nutrient-Based Subsidy,YES
Person_831,8507655860,ABCDE3232F,4,78798,Yes,0,693321,Employed,23,,119538,Ministry Of Agriculture and Farmers Welfare,RKVY,YES
Person_144,1644020025,ABCDE5349F,3,26717,Yes,2,591430,Employed,26,,129085,Ministry Of Agriculture and Farmers Welfare,RKVY,YES
Person_413,1865344902,ABCDE2968F,2,71547,Yes,0,287727,Employed,47,Own,126760,Ministry Of Chemicals And Fertilizers,Fertilizer Subsidy,NO
Person_204,2419543916,ABCDE8385F,3,17692,No,0,763597,Employed,48,Own,460894,Ministry Of Agriculture and Farmers Welfare,PM-Kisan,YES
Person_225,7516424095,ABCDE2350F,5,63803,No,1,459338,Self-Employed,30,,88992,Ministry Of Agriculture and Farmers Welfare,PM-Kisan,YES
Person_508,7260807630,ABCDE1232F,1,26147,No,1,50788,Employed,23,,150979,Ministry Of Agriculture and Farmers Welfare,PM-Kisan,NO
Person_830,5956551546,ABCDE9453F,3,88071,No,0,899634,Unemployed,63,Rent,98700,Ministry Of Chemicals And Fertilizers,Nutrient-Based Subsidy,YES
Person_761,6132053188,ABCDE6864F,2,68978,Yes,1,148565,Employed,68,Rent,439993,Ministry Of Agriculture and Farmers Welfare,PM-Kisan,NO
Person_716,7122436665,ABCDE7045F,4,26879,Yes,1,474385,Unemployed,67,Rent,237556,Ministry Of Chemicals And Fertilizers,Fertilizer Subsidy,YES
Person_335,5363147347,ABCDE1453F,0,65643,No,0,677297,Employed,73,Rent,302959,Ministry Of Chemicals And Fertilizers,Fertilizer Subsidy,YES
Person_647,6954178035,ABCDE9800F,3,52578,No,0,765340,Self-Employed,24,Own,244523,Ministry Of Chemicals And Fertilizers,Fertilizer Subsidy,YES
Person_700,4004871117,ABCDE5276F,3,19059,No,1,287568,Employed,18,Own,9197,Ministry Of Chemicals And Fertilizers,Fertilizer Subsidy,NO
Person_824,7873133774,ABCDE5224F,4,40926,No,1,178998,Self-Employed,64,,28417,Ministry Of Chemicals And Fertilizers,Fertilizer Subsidy,NO
Person_722,4907128257,ABCDE5157F,2,32184,No,2,334225,Employed,64,Own,107189,Ministry Of Chemicals And Fertilizers,Nutrient-Based Subsidy,NO
Person_630,4188548279,ABCDE5167F,0,79208,Yes,0,949740,Employed,35,,235603,Ministry Of Agriculture and Farmers Welfare,PM-Kisan,YES
Person_745,3697029156,ABCDE3658F,3,48878,Yes,1,621937,Employed,28,Rent,368929,Ministry Of Chemicals And Fertilizers,Nutrient-Based Subsidy,YES
Person_863,6650084501,ABCDE2184F,1,45306,Yes,2,884896,Employed,43,Own,236433,Ministry Of Agriculture and Farmers Welfare,PM-Kisan,YES
Person_217,7171533961,ABCDE6450F,5,78357,No,1,491440,Unemployed,66,,137067,Ministry Of Agriculture and Farmers Welfare,RKVY,YES
Person_276,6533618588,ABCDE4680F,0,31629,Yes,2,150355,Employed,67,,375675,Ministry Of Agriculture and Farmers Welfare,PM-Kisan,NO
Person_970,1769881915,ABCDE6805F,4,97168,No,1,652154,Self-Employed,18,Rent,15217,Ministry Of Chemicals And Fertilizers,Fertilizer Subsidy,YES
Person_342,3924651295,ABCDE5696F,5,57310,Yes,0,202685,Employed,36,Own,215788,Ministry Of Agriculture and Farmers Welfare,RKVY,YES
Person_534,7052628405,ABCDE6204F,0,35156,No,2,886220,Self-Employed,40,Rent,239312,Ministry Of Agriculture and Farmers Welfare,RKVY,YES
Person_829,6731580725,ABCDE2445F,5,51153,Yes,1,106637,Employed,63,Own,115824,Ministry Of Agriculture and Farmers Welfare,PM-Kisan,NO
Person_324,2239342222,ABCDE7055F,0,15326,Yes,2,373436,Employed,50,Rent,311687,Ministry Of Chemicals And Fertilizers,Nutrient-Based Subsidy,NO
Person_698,2093362641,ABCDE1753F,4,16452,No,2,122445,Employed,59,Own,146973,Ministry Of Agriculture and Farmers Welfare,PM-Kisan,NO
Person_494,8394246977,ABCDE5366F,5,18318,No,0,392367,Self-Employed,67,,275807,Ministry Of Chemicals And Fertilizers,Nutrient-Based Subsidy,NO
Person_329,4160420768,ABCDE3551F,2,30917,No,1,255809,Employed,68,Rent,33899,Ministry Of Chemicals And Fertilizers,Fertilizer Subsidy,NO
Person_203,5873046087,ABCDE7160F,2,86591,No,0,57146,Employed,71,Rent,448788,Ministry Of Chemicals And Fertilizers,Fertilizer Subsidy,NO
Person_203,3781035942,ABCDE8033F,2,85017,No,0,653093,Self-Employed,22,,64593,Ministry Of Agriculture and Farmers Welfare,RKVY,YES
Person_105,9628832012,ABCDE3982F,2,15256,Yes,0,711431,Unemployed,63,,180333,Ministry Of Agriculture and Farmers Welfare,RKVY,YES
Person_201,1428008172,ABCDE4417F,4,42055,No,0,864322,Unemployed,63,,411304,Ministry Of Chemicals And Fertilizers,Nutrient-Based Subsidy,YES
Person_985,6573553114,ABCDE7586F,1,56642,No,0,981335,Employed,29,Rent,153221,Ministry Of Agriculture and Farmers Welfare,PM-Kisan,YES
Person_713,6835100679,ABCDE1611F,0,10161,No,0,159393,Employed,23,,212164,Ministry Of Chemicals And Fertilizers,Fertilizer Subsidy,NO
Person_590,5810564341,ABCDE4016F,5,48662,Yes,0,225344,Self-Employed,29,Rent,266316,Ministry Of Chemicals And Fertilizers,Nutrient-Based Subsidy,NO
Person_752,1406711180,ABCDE1107F,3,83768,No,2,810315,Employed,51,Rent,165963,Ministry Of Agriculture and Farmers Welfare,PM-Kisan,YES
Person_730,7598881787,ABCDE2293F,4,72424,No,0,108862,Employed,53,Own,391562,Ministry Of Chemicals And Fertilizers,Nutrient-Based Subsidy,YES
Person_754,5631370730,ABCDE6265F,0,21674,No,2,368094,Self-Employed,48,,4834,Ministry Of Agriculture and Farmers Welfare,RKVY,NO
Person_365,1673090712,ABCDE9024F,1,92137,Yes,2,282627,Self-Employed,62,Own,88302,Ministry Of Chemicals And Fertilizers,Fertilizer Subsidy,NO
Person_653,7031847398,ABCDE3631F,3,67820,No,2,298121,Self-Employed,36,Rent,161466,Ministry Of Chemicals And Fertilizers,Fertilizer Subsidy,NO
Person_618,5257899629,ABCDE5192F,4,58110,Yes,1,153511,Self-Employed,39,Own,146495,Ministry Of Chemicals And Fertilizers,Fertilizer Subsidy,NO
Person_274,5889730302,ABCDE2071F,5,26900,No,1,593508,Self-Employed,27,,44667,Ministry Of Chemicals And Fertilizers,Fertilizer Subsidy,YES
Person_495,7560224366,ABCDE2963F,5,50145,No,0,482499,Employed,70,Rent,94056,Ministry Of Chemicals And Fertilizers,Nutrient-Based Subsidy,YES
Person_263,7796513022,ABCDE8752F,2,48481,No,1,914412,Employed,25,,274073,Ministry Of Agriculture and Farmers Welfare,PM-Kisan,YES
Person_437,4488740857,ABCDE6717F,4,60839,Yes,2,120472,Self-Employed,23,Own,157363,Ministry Of Agriculture and Farmers Welfare,PM-Kisan,NO
Person_306,2224225318,ABCDE5452F,1,44866,Yes,2,59290,Unemployed,58,Own,26767,Ministry Of Chemicals And Fertilizers,Nutrient-Based Subsidy,NO
Person_798,7939508635,ABCDE8957F,4,67472,Yes,2,978134,Unemployed,25,,366482,Ministry Of Agriculture and Farmers Welfare,PM-Kisan,YES
Person_108,8361909405,ABCDE2013F,3,97486,No,1,902040,Employed,33,Rent,466808,Ministry Of Chemicals And Fertilizers,Fertilizer Subsidy,YES
Person_712,9351850845,ABCDE6961F,0,86395,Yes,1,796263,Unemployed,48,Rent,68041,Ministry Of Agriculture and Farmers Welfare,PM-Kisan,YES
Person_671,3440462888,ABCDE3365F,2,87567,No,1,554171,Employed,51,Own,288570,Ministry Of Agriculture and Farmers Welfare,RKVY,YES
Person_880,8937208324,ABCDE9876F,2,51472,No,0,422127,Unemployed,33,,166064,Ministry Of Agriculture and Farmers Welfare,RKVY,YES
Person_648,8750080974,ABCDE5245F,0,13244,Yes,0,384425,Unemployed,31,Own,485580,Ministry Of Chemicals And Fertilizers,Nutrient-Based Subsidy,YES
Person_26,4028966339,ABCDE5255F,3,53243,No,0,826562,Employed,31,,372884,Ministry Of Agriculture and Farmers Welfare,PM-Kisan,YES
Person_951,1304344607,ABCDE4106F,5,5665,Yes,0,409533,Unemployed,71,Rent,246318,Ministry Of Agriculture and Farmers Welfare,RKVY,YES
Person_786,2884404147,ABCDE4705F,4,8276,No,2,752325,Unemployed,23,Own,296598,Ministry Of Chemicals And Fertilizers,Nutrient-Based Subsidy,YES
Person_780,4152464475,ABCDE6132F,0,82134,Yes,1,214174,Self-Employed,21,Rent,412981,Ministry Of Agriculture and Farmers Welfare,RKVY,NO
Person_416,9858761812,ABCDE1229F,1,36237,Yes,2,137452,Self-Employed,48,Rent,239408,Ministry Of Agriculture and Farmers Welfare,PM-Kisan,NO
Person_866,8873113740,ABCDE7414F,0,28617,Yes,2,636490,Employed,66,,58336,Ministry Of Agriculture and Farmers Welfare,RKVY,YES
Person_654,5670327532,ABCDE9343F,3,52256,Yes,2,547468,Unemployed,40,Rent,268376,Ministry Of Agriculture and Farmers Welfare,PM-Kisan,YES
Person_479,4733404328,ABCDE9534F,0,86777,No,1,108686,Employed,46,,172655,Ministry Of Chemicals And Fertilizers,Nutrient-Based Subsidy,NO
Person_118,2052586965,ABCDE7483F,1,89982,No,0,886798,Employed,40,,201850,Ministry Of Chemicals And Fertilizers,Nutrient-Based Subsidy,YES
Person_205,6296112432,ABCDE3767F,0,43164,Yes,1,324198,Employed,62,Own,436997,Ministry Of Agriculture and Farmers Welfare,PM-Kisan,YES
Person_653,5220999879,ABCDE5729F,1,93178,Yes,2,961124,Employed,19,Own,172047,Ministry Of Chemicals And Fertilizers,Nutrient-Based Subsidy,YES
Person_739,8896982328,ABCDE7976F,5,19208,Yes,0,588804,Self-Employed,46,,309039,Ministry Of Agriculture and Farmers Welfare,RKVY,YES
Person_163,4539321697,ABCDE2524F,1,62733,Yes,2,425680,Employed,38,Rent,460942,Ministry Of Chemicals And Fertilizers,Fertilizer Subsidy,YES
Person_514,4188765515,ABCDE2935F,4,18971,No,1,188395,Unemployed,32,Rent,455883,Ministry Of Chemicals And Fertilizers,Fertilizer Subsidy,NO
Person_898,3308528914,ABCDE1788F,0,87964,No,2,738432,Self-Employed,70,Rent,218024,Ministry Of Chemicals And Fertilizers,Fertilizer Subsidy,YES
Person_723,6180370018,ABCDE9303F,2,34603,Yes,1,122747,Self-Employed,59,Rent,260094,Ministry Of Chemicals And Fertilizers,Nutrient-Based Subsidy,NO
Person_248,1410288808,ABCDE7399F,2,8214,Yes,1,582175,Unemployed,52,Own,443292,Ministry Of Agriculture and Farmers Welfare,PM-Kisan,YES
Person_301,9038480399,ABCDE5508F,3,78772,Yes,2,787836,Unemployed,23,,193387,Ministry Of Agriculture and Farmers Welfare,PM-Kisan,YES
Person_611,2749407164,ABCDE3951F,5,42035,Yes,1,103688,Self-Employed,40,,361005,Ministry Of Agriculture and Farmers Welfare,RKVY,NO
Person_526,4322673142,ABCDE1085F,5,28830,No,0,616173,Self-Employed,19,,399309,Ministry Of Agriculture and Farmers Welfare,RKVY,YES
Person_372,9582430439,ABCDE5796F,1,5012,No,1,640556,Employed,35,Own,210876,Ministry Of Chemicals And Fertilizers,Nutrient-Based Subsidy,YES
Person_499,2729994876,ABCDE3024F,1,71405,Yes,2,70123,Unemployed,49,Rent,193753,Ministry Of Chemicals And Fertilizers,Nutrient-Based Subsidy,NO
Person_44,6768277995,ABCDE5031F,0,10527,No,1,94704,Employed,57,Own,267146,Ministry Of Chemicals And Fertilizers,Fertilizer Subsidy,YES
Person_112,2466384510,ABCDE9567F,3,79230,No,2,744758,Self-Employed,48,,176912,Ministry Of Agriculture and Farmers Welfare,PM-Kisan,YES
Person_669,7459637619,ABCDE7006F,5,18351,Yes,0,325262,Self-Employed,58,Own,194053,Ministry Of Chemicals And Fertilizers,Fertilizer Subsidy,NO
Person_197,6832192934,ABCDE1220F,2,56925,Yes,0,451239,Self-Employed,27,,244259,Ministry Of Agriculture and Farmers Welfare,PM-Kisan,YES
Person_216,6796060996,ABCDE2759F,0,35510,No,0,744924,Unemployed,60,Own,298196,Ministry Of Agriculture and Farmers Welfare,PM-Kisan,YES
Person_903,8574995954,ABCDE3954F,4,93869,No,1,364320,Self-Employed,47,Rent,220935,Ministry Of Agriculture and Farmers Welfare,RKVY,NO
Person_510,2723443739,ABCDE5554F,1,74229,No,2,160575,Unemployed,59,,53032,Ministry Of Agriculture and Farmers Welfare,PM-Kisan,NO
Person_331,2306810174,ABCDE5351F,4,60999,Yes,2,816032,Self-Employed,44,Rent,330322,Ministry Of Agriculture and Farmers Welfare,RKVY,YES
Person_805,8331195356,ABCDE2991F,0,91374,Yes,1,351773,Self-Employed,54,Rent,181066,Ministry Of Chemicals And Fertilizers,Nutrient-Based Subsidy,NO
Person_172,2170241422,ABCDE4218F,0,54501,No,1,297461,Unemployed,24,Rent,76214,Ministry Of Chemicals And Fertilizers,Nutrient-Based Subsidy,NO
Person_282,8195659620,ABCDE3051F,2,75152,Yes,0,76164,Unemployed,36,Rent,188126,Ministry Of Agriculture and Farmers Welfare,PM-Kisan,NO
Person_689,9820278401,ABCDE1577F,3,96175,Yes,2,864707,Employed,18,Own,392325,Ministry Of Chemicals And Fertilizers,Fertilizer Subsidy,YES
Person_368,8080447701,ABCDE2371F,0,10613,No,0,315880,Self-Employed,64,Own,12619,Ministry Of Chemicals And Fertilizers,Fertilizer Subsidy,NO
Person_553,6418290937,ABCDE7097F,4,8628,Yes,2,320180,Unemployed,54,Own,119232,Ministry Of Agriculture and Farmers Welfare,RKVY,NO
Person_270,1377946476,ABCDE2309F,4,73779,No,1,198271,Employed,59,Rent,26487,Ministry Of Agriculture and Farmers Welfare,PM-Kisan,NO
Person_507,6926258664,ABCDE7665F,5,48891,No,0,247447,Self-Employed,24,,209032,Ministry Of Agriculture and Farmers Welfare,PM-Kisan,NO
Person_565,3322326122,ABCDE4569F,3,96925,No,1,979257,Unemployed,52,Rent,222737,Ministry Of Agriculture and Farmers Welfare,PM-Kisan,YES
Person_548,3111147575,ABCDE3825F,3,66481,Yes,2,999971,Self-Employed,21,Rent,445099,Ministry Of Chemicals And Fertilizers,Fertilizer Subsidy,YES
Person_638,3727721020,ABCDE4587F,5,53031,Yes,1,721381,Unemployed,57,Rent,191603,Ministry Of Agriculture and Farmers Welfare,RKVY,YES
Person_260,6533705137,ABCDE3632F,0,57436,No,2,247195,Self-Employed,75,,233092,Ministry Of Chemicals And Fertilizers,Fertilizer Subsidy,NO
Person_68,7752195386,ABCDE3178F,3,66068,No,0,909328,Unemployed,31,Rent,357899,Ministry Of Chemicals And Fertilizers,Fertilizer Subsidy,YES
Person_289,4942127617,ABCDE7980F,5,85544,No,0,885690,Unemployed,48,Rent,175662,Ministry Of Chemicals And Fertilizers,Fertilizer Subsidy,YES
Person_843,5195687148,ABCDE5595F,0,77751,Yes,0,631279,Self-Employed,48,Own,228560,Ministry Of Chemicals And Fertilizers,Nutrient-Based Subsidy,YES
Person_25,8437610703,ABCDE9155F,3,25593,No,2,655908,Self-Employed,64,,234812,Ministry Of Chemicals And Fertilizers,Nutrient-Based Subsidy,YES
Person_366,3002706780,ABCDE4590F,0,51130,Yes,1,474000,Unemployed,45,,146636,Ministry Of Agriculture and Farmers Welfare,PM-Kisan,YES
Person_468,6524725939,ABCDE8698F,4,48350,Yes,0,602243,Employed,31,Rent,476836,Ministry Of Chemicals And Fertilizers,Fertilizer Subsidy,YES
Person_426,9653115816,ABCDE6492F,1,27033,No,1,147853,Self-Employed,64,,490129,Ministry Of Chemicals And Fertilizers,Fertilizer Subsidy,NO
Person_611,2095095700,ABCDE9066F,1,78377,Yes,0,126655,Employed,58,Rent,267283,Ministry Of Chemicals And Fertilizers,Fertilizer Subsidy,NO
Person_32,3892598727,ABCDE5836F,0,87788,Yes,0,883692,Self-Employed,57,Rent,103556,Ministry Of Chemicals And Fertilizers,Nutrient-Based Subsidy,YES
Person_106,6919413763,ABCDE1795F,4,97527,No,1,595861,Unemployed,18,Rent,342099,Ministry Of Agriculture and Farmers Welfare,RKVY,YES
Person_883,6130890602,ABCDE4224F,0,77523,No,0,453340,Unemployed,57,,119165,Ministry Of Chemicals And Fertilizers,Nutrient-Based Subsidy,YES
Person_561,8852597041,ABCDE9256F,0,53090,Yes,2,91585,Unemployed,28,,440965,Ministry Of Chemicals And Fertilizers,Nutrient-Based Subsidy,NO
Person_35,5330452922,ABCDE7678F,5,71527,Yes,1,134469,Employed,71,Own,332731,Ministry Of Chemicals And Fertilizers,Nutrient-Based Subsidy,YES
Person_821,4058665791,ABCDE7562F,0,13133,Yes,2,187326,Unemployed,25,,384383,Ministry Of Agriculture and Farmers Welfare,RKVY,NO
Person_159,4417866055,ABCDE6778F,2,75196,No,1,908332,Self-Employed,31,Own,373329,Ministry Of Agriculture and Farmers Welfare,PM-Kisan,YES
Person_914,6333746110,ABCDE7924F,5,63426,No,1,446279,Employed,58,,279605,Ministry Of Agriculture and Farmers Welfare,RKVY,YES
Person_302,3206197038,ABCDE9551F,1,30685,Yes,2,124596,Employed,65,,141187,Ministry Of Chemicals And Fertilizers,Nutrient-Based Subsidy,NO
Person_513,8918132858,ABCDE1125F,4,41545,Yes,0,162155,Employed,32,,489790,Ministry Of Agriculture and Farmers Welfare,RKVY,NO
Person_653,7841156049,ABCDE3774F,3,35843,No,1,399512,Employed,46,Rent,230208,Ministry Of Agriculture and Farmers Welfare,PM-Kisan,NO
Person_207,2795042342,ABCDE7740F,3,82819,Yes,2,170238,Employed,38,Own,330457,Ministry Of Chemicals And Fertilizers,Fertilizer Subsidy,YES
Person_703,2471710090,ABCDE1975F,2,27780,Yes,1,596609,Employed,19,Rent,455769,Ministry Of Chemicals And Fertilizers,Nutrient-Based Subsidy,YES
Person_802,7715502939,ABCDE9412F,3,30345,No,1,809183,Unemployed,52,Own,378943,Ministry Of Chemicals And Fertilizers,Nutrient-Based Subsidy,YES
Person_584,2987186296,ABCDE7558F,1,51238,Yes,1,559510,Unemployed,32,,236802,Ministry Of Chemicals And Fertilizers,Fertilizer Subsidy,YES
Person_244,8164420183,ABCDE8143F,4,37248,Yes,1,425395,Unemployed,51,Own,103751,Ministry Of Chemicals And Fertilizers,Fertilizer Subsidy,YES
Person_265,2650762251,ABCDE9982F,0,19163,No,2,220383,Employed,46,Own,23391,Ministry Of Agriculture and Farmers Welfare,PM-Kisan,NO
Person_797,2919438828,ABCDE6727F,1,11267,No,0,629373,Employed,29,,188386,Ministry Of Agriculture and Farmers Welfare,PM-Kisan,YES
Person_468,3016512227,ABCDE7179F,1,88384,No,0,164118,Employed,25,,97190,Ministry Of Chemicals And Fertilizers,Nutrient-Based Subsidy,NO
Person_233,2548450964,ABCDE8751F,4,82999,Yes,0,745351,Employed,60,Rent,305084,Ministry Of Chemicals And Fertilizers,Nutrient-Based Subsidy,YES
Person_319,6219523647,ABCDE5569F,4,65084,Yes,2,443641,Self-Employed,29,Rent,148081,Ministry Of Agriculture and Farmers Welfare,RKVY,YES
Person_773,3188478751,ABCDE5033F,5,62882,No,2,951935,Self-Employed,20,Own,271519,Ministry Of Agriculture and Farmers Welfare,PM-Kisan,YES
Person_476,4875222476,ABCDE5136F,4,80183,Yes,1,633063,Self-Employed,27,Rent,42264,Ministry Of Chemicals And Fertilizers,Nutrient-Based Subsidy,YES
Person_399,6614501065,ABCDE7349F,0,72136,Yes,2,700522,Self-Employed,49,,318084,Ministry Of Agriculture and Farmers Welfare,PM-Kisan,YES
Person_328,7139619670,ABCDE4574F,5,22981,Yes,1,895213,Employed,39,Rent,336775,Ministry Of Chemicals And Fertilizers,Fertilizer Subsidy,YES
Person_372,6527596800,ABCDE1315F,3,85873,No,1,107566,Employed,40,Own,426458,Ministry Of Agriculture and Farmers Welfare,PM-Kisan,YES
Person_83,9485714029,ABCDE5279F,2,69083,No,2,844055,Unemployed,58,Rent,427707,Ministry Of Chemicals And Fertilizers,Fertilizer Subsidy,YES
Person_769,5304195560,ABCDE4749F,5,10495,Yes,0,606915,Self-Employed,38,,428238,Ministry Of Chemicals And Fertilizers,Fertilizer Subsidy,YES
Person_897,9561226804,ABCDE9078F,4,45708,Yes,1,557828,Employed,69,Rent,225169,Ministry Of Chemicals And Fertilizers,Nutrient-Based Subsidy,YES
Person_253,3340115868,ABCDE9265F,1,53923,Yes,1,263424,Employed,57,,366208,Ministry Of Chemicals And Fertilizers,Nutrient-Based Subsidy,NO
Person_680,2698501574,ABCDE7818F,2,52314,Yes,0,930768,Employed,44,Rent,356933,Ministry Of Chemicals And Fertilizers,Fertilizer Subsidy,YES
Person_590,4119205666,ABCDE3404F,1,26122,No,0,705806,Unemployed,48,Own,361264,Ministry Of Agriculture and Farmers Welfare,PM-Kisan,YES
Person_620,4146131866,ABCDE4152F,3,30638,Yes,0,227974,Self-Employed,34,Own,22804,Ministry Of Agriculture and Farmers Welfare,PM-Kisan,NO
Person_995,5159345530,ABCDE6159F,3,55119,Yes,2,767485,Unemployed,61,Rent,84849,Ministry Of Agriculture and Farmers Welfare,PM-Kisan,YES
Person_957,3651013787,ABCDE1877F,2,59534,No,2,309804,Employed,19,,31887,Ministry Of Agriculture and Farmers Welfare,PM-Kisan,NO
Person_450,3627706908,ABCDE2573F,1,13626,Yes,0,491461,Employed,19,,206766,Ministry Of Agriculture and Farmers Welfare,RKVY,YES
Person_112,1415889278,ABCDE8051F,5,30162,No,1,348983,Self-Employed,22,Rent,285540,Ministry Of Agriculture and Farmers Welfare,RKVY,NO
Person_819,4605127780,ABCDE4481F,4,46973,No,0,680267,Unemployed,39,Rent,11361,Ministry Of Chemicals And Fertilizers,Fertilizer Subsidy,YES
Person_365,8361597400,ABCDE5351F,4,81286,No,0,339979,Employed,47,Rent,43278,Ministry Of Agriculture and Farmers Welfare,RKVY,NO
Person_62,9355381874,ABCDE6290F,5,74613,Yes,0,457803,Unemployed,66,,420166,Ministry Of Agriculture and Farmers Welfare,PM-Kisan,YES
Person_778,7544958630,ABCDE2964F,3,62184,Yes,2,680367,Unemployed,48,Own,276236,Ministry Of Agriculture and Farmers Welfare,RKVY,YES
Person_379,7611417669,ABCDE3771F,2,69662,No,1,518831,Self-Employed,50,Rent,450540,Ministry Of Chemicals And Fertilizers,Nutrient-Based Subsidy,YES
Person_616,8860809805,ABCDE4966F,1,66408,Yes,0,221733,Self-Employed,65,Own,441588,Ministry Of Agriculture and Farmers Welfare,RKVY,YES
Person_833,5700903621,ABCDE2610F,4,83229,Yes,0,599269,Unemployed,64,Own,242974,Ministry Of Chemicals And Fertilizers,Fertilizer Subsidy,YES
Person_776,8302101670,ABCDE6651F,5,70484,No,2,323933,Self-Employed,19,,2358,Ministry Of Agriculture and Farmers Welfare,PM-Kisan,NO
Person_639,1536394254,ABCDE9802F,2,32051,Yes,2,520814,Employed,65,Rent,115180,Ministry Of Chemicals And Fertilizers,Nutrient-Based Subsidy,YES
Person_734,5678164455,ABCDE1715F,0,38384,No,2,286178,Self-Employed,66,Rent,50491,Ministry Of Agriculture and Farmers Welfare,PM-Kisan,NO
Person_455,4560981432,ABCDE3851F,2,45136,Yes,2,143156,Employed,60,Own,179023,Ministry Of Agriculture and Farmers Welfare,PM-Kisan,NO
Person_817,5366950122,ABCDE8209F,2,5882,No,1,444984,Self-Employed,64,Rent,349708,Ministry Of Agriculture and Farmers Welfare,PM-Kisan,YES
Person_54,5203040544,ABCDE3410F,3,42320,No,0,574176,Self-Employed,56,,450259,Ministry Of Chemicals And Fertilizers,Fertilizer Subsidy,YES
Person_431,6036496736,ABCDE3376F,0,17067,Yes,2,587942,Self-Employed,70,,183781,Ministry Of Agriculture and Farmers Welfare,PM-Kisan,YES
Person_344,8777495437,ABCDE6863F,1,8753,No,1,336035,Unemployed,53,Own,132429,Ministry Of Agriculture and Farmers Welfare,RKVY,NO
Person_240,3067633110,ABCDE1037F,3,90199,No,1,221154,Self-Employed,75,Own,273203,Ministry Of Chemicals And Fertilizers,Fertilizer Subsidy,YES
Person_948,2974834118,ABCDE3907F,4,73275,No,0,642752,Unemployed,59,Rent,495040,Ministry Of Agriculture and Farmers Welfare,PM-Kisan,YES
Person_790,1801579520,ABCDE3954F,2,6691,Yes,1,817227,Employed,30,Rent,239530,Ministry Of Chemicals And Fertilizers,Nutrient-Based Subsidy,YES
Person_87,5566791855,ABCDE9107F,3,40576,Yes,0,470452,Employed,37,Own,482631,Ministry Of Chemicals And Fertilizers,Fertilizer Subsidy,YES
Person_810,5520638136,ABCDE3498F,5,96203,Yes,0,293480,Self-Employed,72,,404671,Ministry Of Agriculture and Farmers Welfare,RKVY,NO
Person_149,6636998335,ABCDE3618F,4,73433,Yes,1,489557,Unemployed,60,Own,280408,Ministry Of Chemicals And Fertilizers,Fertilizer Subsidy,YES
Person_476,8909699720,ABCDE2279F,2,28542,Yes,0,469808,Unemployed,24,Rent,224369,Ministry Of Agriculture and Farmers Welfare,RKVY,YES
Person_271,1951406311,ABCDE6257F,5,6768,No,2,780287,Employed,21,,3917,Ministry Of Agriculture and Farmers Welfare,PM-Kisan,YES
Person_808,3156229691,ABCDE5035F,2,62534,No,1,940716,Unemployed,61,Rent,150443,Ministry Of Chemicals And Fertilizers,Fertilizer Subsidy,YES
Person_276,1953327262,ABCDE4417F,1,8180,Yes,2,744218,Employed,30,Rent,1520,Ministry Of Chemicals And Fertilizers,Nutrient-Based Subsidy,YES
Person_653,8551201262,ABCDE4729F,2,6342,No,1,996810,Self-Employed,71,Own,153379,Ministry Of Chemicals And Fertilizers,Nutrient-Based Subsidy,YES
Person_821,6398116451,ABCDE8564F,1,23561,Yes,2,218555,Unemployed,24,,349931,Ministry Of Agriculture and Farmers Welfare,PM-Kisan,NO
Person_14,4184848351,ABCDE7689F,0,94641,No,1,570141,Self-Employed,53,Own,115818,Ministry Of Agriculture and Farmers Welfare,PM-Kisan,YES
Person_81,6095506681,ABCDE3870F,1,49089,No,0,664465,Unemployed,22,Rent,196199,Ministry Of Agriculture and Farmers Welfare,RKVY,YES
Person_667,7692668093,ABCDE5724F,3,45824,Yes,2,988391,Self-Employed,55,Own,199744,Ministry Of Chemicals And Fertilizers,Fertilizer Subsidy,YES
Person_207,7640450861,ABCDE9322F,3,12827,Yes,2,778025,Employed,58,Own,4109,Ministry Of Chemicals And Fertilizers,Fertilizer Subsidy,YES
Person_171,4734142700,ABCDE8811F,1,33226,Yes,2,969327,Employed,55,Rent,280103,Ministry Of Agriculture and Farmers Welfare,RKVY,YES
Person_970,1990900685,ABCDE9824F,2,39421,Yes,2,174841,Employed,19,Own,307096,Ministry Of Chemicals And Fertilizers,Fertilizer Subsidy,YES
Person_674,5762139988,ABCDE7471F,1,73273,Yes,2,635168,Self-Employed,25,,240315,Ministry Of Agriculture and Farmers Welfare,RKVY,YES
Person_606,6739489167,ABCDE2922F,3,95238,No,1,456005,Unemployed,26,Own,39676,Ministry Of Chemicals And Fertilizers,Fertilizer Subsidy,YES
Person_882,9778010522,ABCDE2085F,2,34889,No,0,918156,Self-Employed,58,Rent,17933,Ministry Of Chemicals And Fertilizers,Fertilizer Subsidy,YES
Person_187,8007636576,ABCDE8813F,0,25371,No,0,260644,Self-Employed,54,Own,239096,Ministry Of Agriculture and Farmers Welfare,PM-Kisan,YES
Person_482,6535421720,ABCDE3491F,2,7970,No,1,803531,Unemployed,21,Own,367308,Ministry Of Agriculture and Farmers Welfare,RKVY,YES
Person_199,8947235940,ABCDE8483F,4,98836,Yes,1,501150,Self-Employed,24,,441244,Ministry Of Agriculture and Farmers Welfare,PM-Kisan,YES
Person_851,7355805159,ABCDE7882F,1,51017,Yes,1,885820,Unemployed,65,,371356,Ministry Of Agriculture and Farmers Welfare,PM-Kisan,YES
Person_138,6019750120,ABCDE7787F,5,34299,Yes,1,461124,Employed,60,,308130,Ministry Of Agriculture and Farmers Welfare,PM-Kisan,YES
Person_461,3062689840,ABCDE4980F,5,15338,No,1,758845,Unemployed,38,Rent,446954,Ministry Of Chemicals And Fertilizers,Nutrient-Based Subsidy,YES
Person_789,7281878876,ABCDE2471F,2,24430,Yes,0,265161,Employed,20,Rent,234692,Ministry Of Agriculture and Farmers Welfare,PM-Kisan,NO
Person_753,8910093727,ABCDE4617F,0,14755,Yes,1,797518,Employed,35,Own,17404,Ministry Of Agriculture and Farmers Welfare,PM-Kisan,YES
Person_626,1332389499,ABCDE7847F,5,58103,Yes,2,108673,Self-Employed,75,,134212,Ministry Of Agriculture and Farmers Welfare,PM-Kisan,NO
Person_127,2602196852,ABCDE1569F,0,67338,Yes,0,159614,Unemployed,25,Own,106305,Ministry Of Agriculture and Farmers Welfare,RKVY,NO
Person_963,1327094720,ABCDE6710F,5,70426,No,0,922177,Employed,75,,286685,Ministry Of Agriculture and Farmers Welfare,RKVY,YES
Person_691,5854253740,ABCDE9931F,3,16915,No,0,463556,Self-Employed,58,Own,185936,Ministry Of Agriculture and Farmers Welfare,RKVY,YES
Person_107,2057027172,ABCDE5494F,4,69629,Yes,0,159189,Employed,42,Rent,334471,Ministry Of Chemicals And Fertilizers,Fertilizer Subsidy,NO
Person_962,5078619538,ABCDE6766F,0,15684,No,2,190521,Employed,39,Own,360627,Ministry Of Chemicals And Fertilizers,Nutrient-Based Subsidy,YES
Person_232,6431155157,ABCDE1403F,5,72072,Yes,2,315003,Employed,43,,128458,Ministry Of Agriculture and Farmers Welfare,RKVY,NO
Person_25,7023061249,ABCDE3777F,1,99779,Yes,1,921109,Unemployed,49,Rent,27968,Ministry Of Agriculture and Farmers Welfare,RKVY,YES
Person_948,1904163252,ABCDE3528F,0,56134,Yes,1,926749,Employed,66,,372952,Ministry Of Agriculture and Farmers Welfare,PM-Kisan,YES
Person_71,5095823218,ABCDE2420F,2,12444,Yes,1,958441,Employed,36,Rent,342305,Ministry Of Agriculture and Farmers Welfare,RKVY,YES
Person_821,6876096513,ABCDE7280F,2,45285,Yes,0,320228,Self-Employed,49,Rent,452080,Ministry Of Agriculture and Farmers Welfare,RKVY,NO
Person_498,7828315995,ABCDE8425F,3,81785,Yes,0,384128,Self-Employed,43,Own,292781,Ministry Of Agriculture and Farmers Welfare,PM-Kisan,YES
Person_789,1896418307,ABCDE7995F,4,68482,Yes,0,209324,Unemployed,52,,118864,Ministry Of Agriculture and Farmers Welfare,PM-Kisan,NO
Person_355,3904430116,ABCDE2394F,5,41655,Yes,2,342669,Employed,22,,190749,Ministry Of Chemicals And Fertilizers,Fertilizer Subsidy,NO
Person_269,3751227984,ABCDE3696F,1,99878,Yes,1,140193,Self-Employed,58,Rent,348294,Ministry Of Agriculture and Farmers Welfare,RKVY,NO
Person_685,8997019968,ABCDE5092F,0,77557,Yes,0,822290,Self-Employed,35,Own,498443,Ministry Of Chemicals And Fertilizers,Nutrient-Based Subsidy,YES
Person_43,3169979046,ABCDE5252F,1,70665,Yes,0,395928,Self-Employed,21,,452635,Ministry Of Chemicals And Fertilizers,Nutrient-Based Subsidy,NO
Person_463,3756205555,ABCDE2415F,2,34974,Yes,1,840787,Self-Employed,44,Own,391299,Ministry Of Chemicals And Fertilizers,Nutrient-Based Subsidy,YES
Person_299,6067335899,ABCDE9151F,4,38211,Yes,0,231257,Self-Employed,18,Rent,430964,Ministry Of Agriculture and Farmers Welfare,RKVY,NO
Person_764,2365754217,ABCDE8582F,1,94584,Yes,0,230667,Employed,40,,138482,Ministry Of Agriculture and Farmers Welfare,RKVY,NO
Person_636,7734867159,ABCDE5819F,3,72924,No,2,851455,Unemployed,49,Rent,371380,Ministry Of Agriculture and Farmers Welfare,RKVY,YES
Person_39,9673171909,ABCDE1478F,0,87808,No,0,824590,Self-Employed,47,,65907,Ministry Of Chemicals And Fertilizers,Fertilizer Subsidy,YES
Person_583,2973089615,ABCDE6644F,3,10562,No,0,654073,Employed,28,Rent,469813,Ministry Of Chemicals And Fertilizers,Nutrient-Based Subsidy,YES
Person_235,9157671890,ABCDE9418F,1,49541,Yes,2,50700,Employed,54,,235062,Ministry Of Chemicals And Fertilizers,Nutrient-Based Subsidy,NO
Person_617,4265917694,ABCDE1029F,5,83408,No,0,62400,Self-Employed,59,Own,242659,Ministry Of Chemicals And Fertilizers,Nutrient-Based Subsidy,YES
Person_144,5683014896,ABCDE7107F,4,69747,Yes,1,734406,Unemployed,21,,249502,Ministry Of Chemicals And Fertilizers,Fertilizer Subsidy,YES
Person_917,2229282193,ABCDE8921F,0,42720,Yes,0,417198,Employed,22,Own,395934,Ministry Of Chemicals And Fertilizers,Fertilizer Subsidy,YES
Person_577,5925634377,ABCDE4835F,3,76771,No,1,552639,Employed,75,Own,162490,Ministry Of Agriculture and Farmers Welfare,PM-Kisan,YES
Person_212,2806385277,ABCDE8302F,3,68497,Yes,1,581858,Self-Employed,69,Own,489623,Ministry Of Agriculture and Farmers Welfare,RKVY,YES
Person_74,4214811308,ABCDE2847F,2,62698,No,2,56544,Self-Employed,41,Rent,316906,Ministry Of Agriculture and Farmers Welfare,RKVY,NO
Person_705,2737455054,ABCDE6906F,2,60925,Yes,2,990982,Employed,63,,198724,Ministry Of Agriculture and Farmers Welfare,PM-Kisan,YES
Person_167,4266769501,ABCDE7793F,5,29814,No,0,622538,Self-Employed,50,,400756,Ministry Of Agriculture and Farmers Welfare,RKVY,YES
Person_902,4700505755,ABCDE8858F,4,29412,No,0,792313,Unemployed,61,Own,407634,Ministry Of Chemicals And Fertilizers,Nutrient-Based Subsidy,YES
Person_529,6028853294,ABCDE6372F,5,16830,No,2,87008,Employed,24,,142385,Ministry Of Chemicals And Fertilizers,Fertilizer Subsidy,NO
Person_679,2956969676,ABCDE3846F,2,84634,Yes,0,266668,Unemployed,57,Own,239655,Ministry Of Chemicals And Fertilizers,Fertilizer Subsidy,YES
Person_943,2111382870,ABCDE8703F,4,63235,No,0,159571,Employed,72,Own,368745,Ministry Of Chemicals And Fertilizers,Fertilizer Subsidy,YES
Person_912,7534862563,ABCDE5711F,1,74618,No,1,796981,Employed,61,,105093,Ministry Of Chemicals And Fertilizers,Fertilizer Subsidy,YES
Person_328,7343909953,ABCDE4334F,2,30885,No,0,160045,Employed,54,,177163,Ministry Of Agriculture and Farmers Welfare,RKVY,NO
Person_910,1283074520,ABCDE8158F,4,16734,Yes,0,545455,Employed,65,Own,409566,Ministry Of Agriculture and Farmers Welfare,PM-Kisan,YES
Person_428,8054155209,ABCDE7138F,0,5146,No,0,834256,Self-Employed,69,Rent,414258,Ministry Of Agriculture and Farmers Welfare,RKVY,YES
Person_476,8846194240,ABCDE9928F,2,61337,Yes,1,966083,Employed,62,,417538,Ministry Of Chemicals And Fertilizers,Fertilizer Subsidy,YES
Person_806,2551778654,ABCDE1288F,5,55625,No,1,470785,Employed,71,,22817,Ministry Of Agriculture and Farmers Welfare,RKVY,YES
Person_393,7807532448,ABCDE1351F,3,63587,Yes,1,874042,Employed,59,Rent,294054,Ministry Of Chemicals And Fertilizers,Nutrient-Based Subsidy,YES
Person_617,3248930548,ABCDE4177F,4,12938,No,2,555557,Employed,37,Rent,440943,Ministry Of Chemicals And Fertilizers,Nutrient-Based Subsidy,YES
Person_372,7155557829,ABCDE5696F,4,76398,No,0,220248,Self-Employed,59,Own,359220,Ministry Of Chemicals And Fertilizers,Nutrient-Based Subsidy,YES
Person_445,9249091500,ABCDE6043F,2,54501,Yes,1,374910,Self-Employed,54,,496671,Ministry Of Chemicals And Fertilizers,Nutrient-Based Subsidy,NO
Person_7,1239402754,ABCDE5307F,1,43615,No,0,378420,Self-Employed,29,Rent,72607,Ministry Of Agriculture and Farmers Welfare,PM-Kisan,NO
Person_755,4114765244,ABCDE7685F,2,33419,No,2,228019,Self-Employed,26,Rent,471033,Ministry Of Chemicals And Fertilizers,Nutrient-Based Subsidy,NO
Person_791,7679594585,ABCDE5474F,0,71323,No,0,571174,Unemployed,44,Rent,144747,Ministry Of Chemicals And Fertilizers,Fertilizer Subsidy,YES
Person_332,3643288801,ABCDE7622F,2,57427,Yes,2,750774,Self-Employed,69,Own,95831,Ministry Of Chemicals And Fertilizers,Fertilizer Subsidy,YES
Person_821,7891896179,ABCDE5134F,2,36570,Yes,0,188391,Employed,73,,410168,Ministry Of Chemicals And Fertilizers,Nutrient-Based Subsidy,NO
Person_144,2851398460,ABCDE9574F,4,37424,Yes,2,402037,Self-Employed,63,,119577,Ministry Of Agriculture and Farmers Welfare,RKVY,YES
Person_10,9290262202,ABCDE6544F,4,20571,Yes,0,579217,Employed,19,,160792,Ministry Of Agriculture and Farmers Welfare,PM-Kisan,YES
Person_968,2978766570,ABCDE3973F,0,99954,No,1,966643,Unemployed,39,Rent,190294,Ministry Of Chemicals And Fertilizers,Nutrient-Based Subsidy,YES
Person_374,6047769136,ABCDE1236F,0,19826,No,1,906374,Self-Employed,38,Own,251877,Ministry Of Agriculture and Farmers Welfare,RKVY,YES
Person_93,2011361634,ABCDE1021F,5,6754,No,1,415458,Unemployed,32,Own,31398,Ministry Of Agriculture and Farmers Welfare,RKVY,YES
Person_833,8523731748,ABCDE6874F,4,46772,Yes,2,70944,Unemployed,69,Own,237519,Ministry Of Agriculture and Farmers Welfare,RKVY,YES
Person_78,3092989107,ABCDE1715F,5,10529,Yes,1,603486,Employed,61,Own,404015,Ministry Of Chemicals And Fertilizers,Nutrient-Based Subsidy,YES
Person_182,2548891546,ABCDE9843F,2,48747,No,0,707215,Self-Employed,50,,92992,Ministry Of Chemicals And Fertilizers,Nutrient-Based Subsidy,YES
Person_648,4065787004,ABCDE2969F,4,56845,No,2,513785,Employed,28,Rent,82187,Ministry Of Chemicals And Fertilizers,Fertilizer Subsidy,YES
Person_26,6554644821,ABCDE2503F,4,17400,No,0,151511,Employed,54,Own,140876,Ministry Of Agriculture and Farmers Welfare,RKVY,NO
Person_685,5247033675,ABCDE2888F,2,52620,No,0,997145,Employed,64,Own,339832,Ministry Of Chemicals And Fertilizers,Nutrient-Based Subsidy,YES
Person_52,3971820594,ABCDE1724F,1,78044,Yes,1,641939,Employed,28,,317446,Ministry Of Agriculture and Farmers Welfare,PM-Kisan,YES
Person_173,4874891234,ABCDE9406F,5,61773,No,0,728229,Unemployed,56,,499716,Ministry Of Chemicals And Fertilizers,Fertilizer Subsidy,YES
Person_467,5411568150,ABCDE9746F,4,75059,Yes,2,120121,Unemployed,75,,390933,Ministry Of Chemicals And Fertilizers,Fertilizer Subsidy,NO
Person_843,3378900742,ABCDE3095F,2,11727,Yes,1,995654,Self-Employed,70,,7688,Ministry Of Chemicals And Fertilizers,Fertilizer Subsidy,YES
Person_801,8294035288,ABCDE4561F,5,76223,No,1,958659,Employed,74,Own,95684,Ministry Of Chemicals And Fertilizers,Nutrient-Based Subsidy,YES
Person_998,4652837125,ABCDE6698F,0,34029,No,1,814191,Employed,25,,163983,Ministry Of Chemicals And Fertilizers,Nutrient-Based Subsidy,YES
Person_247,6525292836,ABCDE8324F,5,65636,No,1,377566,Self-Employed,73,Own,400020,Ministry Of Agriculture and Farmers Welfare,RKVY,YES
Person_11,4124673948,ABCDE9032F,5,67034,Yes,1,189840,Employed,23,Rent,221220,Ministry Of Chemicals And Fertilizers,Fertilizer Subsidy,NO
Person_364,7642409289,ABCDE3809F,5,31730,Yes,2,835780,Self-Employed,72,Own,146499,Ministry Of Chemicals And Fertilizers,Fertilizer Subsidy,YES
Person_5,4970328987,ABCDE7230F,1,71151,Yes,0,545394,Unemployed,58,,314340,Ministry Of Agriculture and Farmers Welfare,PM-Kisan,YES
Person_526,6748251149,ABCDE2287F,3,54375,No,1,898198,Employed,26,Own,60733,Ministry Of Agriculture and Farmers Welfare,RKVY,YES
Person_337,9681449701,ABCDE3537F,1,34100,Yes,2,196125,Unemployed,74,,286784,Ministry Of Agriculture and Farmers Welfare,PM-Kisan,NO
Person_132,4205732601,ABCDE5852F,1,36950,Yes,1,355327,Employed,60,Own,237116,Ministry Of Agriculture and Farmers Welfare,RKVY,YES
Person_191,4919966584,ABCDE6223F,4,44518,Yes,1,462263,Employed,64,Rent,217960,Ministry Of Chemicals And Fertilizers,Fertilizer Subsidy,YES
Person_812,4273880655,ABCDE9709F,3,40418,No,1,931218,Unemployed,55,Own,6268,Ministry Of Chemicals And Fertilizers,Nutrient-Based Subsidy,YES
Person_162,6796684600,ABCDE9901F,0,91295,Yes,2,908208,Self-Employed,75,Own,447316,Ministry Of Agriculture and Farmers Welfare,RKVY,YES
Person_241,8493497410,ABCDE8493F,4,43132,No,1,612757,Unemployed,66,Rent,435748,Ministry Of Agriculture and Farmers Welfare,PM-Kisan,YES
Person_993,4653915729,ABCDE9982F,0,75977,Yes,0,860926,Unemployed,68,Rent,178690,Ministry Of Chemicals And Fertilizers,Fertilizer Subsidy,YES
Person_717,3868765399,ABCDE7207F,3,7222,Yes,2,532535,Unemployed,51,Rent,488619,Ministry Of Chemicals And Fertilizers,Nutrient-Based Subsidy,YES
Person_253,5617026443,ABCDE3149F,1,99975,Yes,2,811277,Employed,42,,404958,Ministry Of Agriculture and Farmers Welfare,RKVY,YES
Person_270,2272436202,ABCDE9342F,1,23540,Yes,2,975803,Self-Employed,63,,293559,Ministry Of Agriculture and Farmers Welfare,RKVY,YES
Person_428,6080762989,ABCDE3336F,2,58707,Yes,1,204781,Employed,58,,275091,Ministry Of Chemicals And Fertilizers,Fertilizer Subsidy,NO
Person_902,8948395907,ABCDE5314F,3,39575,Yes,1,926722,Unemployed,75,,96289,Ministry Of Chemicals And Fertilizers,Nutrient-Based Subsidy,YES
Person_888,4294477698,ABCDE6877F,4,87914,No,0,168287,Employed,63,Own,79188,Ministry Of Chemicals And Fertilizers,Nutrient-Based Subsidy,NO
Person_43,1949282543,ABCDE8793F,0,34519,No,0,764894,Self-Employed,69,Own,256424,Ministry Of Chemicals And Fertilizers,Fertilizer Subsidy,YES
Person_17,6469308995,ABCDE3536F,2,28986,Yes,2,447114,Employed,30,Own,127232,Ministry Of Chemicals And Fertilizers,Fertilizer Subsidy,YES
Person_631,3577910841,ABCDE5291F,4,46311,Yes,1,102867,Employed,22,Own,358578,Ministry Of Chemicals And Fertilizers,Nutrient-Based Subsidy,YES
Person_919,9104386160,ABCDE6090F,2,69483,No,0,415485,Employed,32,Own,144729,Ministry Of Agriculture and Farmers Welfare,PM-Kisan,YES
Person_267,7980787800,ABCDE9966F,5,44064,No,2,943273,Employed,67,,407664,Ministry Of Chemicals And Fertilizers,Fertilizer Subsidy,YES
Person_355,3789778011,ABCDE9309F,1,20077,Yes,2,256111,Unemployed,48,Own,51475,Ministry Of Chemicals And Fertilizers,Fertilizer Subsidy,NO
Person_849,3678864316,ABCDE5858F,2,70077,Yes,2,368182,Self-Employed,29,Own,109489,Ministry Of Agriculture and Farmers Welfare,RKVY,NO
Person_252,7325313546,ABCDE5801F,1,6208,Yes,2,822776,Unemployed,43,Rent,34984,Ministry Of Chemicals And Fertilizers,Nutrient-Based Subsidy,YES
Person_260,6352592945,ABCDE3888F,1,29179,No,2,606317,Self-Employed,32,Rent,342297,Ministry Of Agriculture and Farmers Welfare,PM-Kisan,YES
Person_909,6612709222,ABCDE5891F,2,75841,Yes,1,259626,Employed,22,Rent,433902,Ministry Of Chemicals And Fertilizers,Fertilizer Subsidy,NO
Person_501,7986844998,ABCDE9639F,4,97336,No,2,625166,Self-Employed,57,,138062,Ministry Of Agriculture and Farmers Welfare,PM-Kisan,YES
Person_896,7693092992,ABCDE1817F,3,8639,Yes,2,922955,Self-Employed,31,Own,224304,Ministry Of Agriculture and Farmers Welfare,RKVY,YES
Person_20,6568599064,ABCDE8847F,2,16570,Yes,0,863452,Unemployed,22,Own,383980,Ministry Of Agriculture and Farmers Welfare,RKVY,YES
Person_774,2605400055,ABCDE5636F,2,20141,Yes,2,401478,Employed,30,,388811,Ministry Of Chemicals And Fertilizers,Nutrient-Based Subsidy,YES
Person_340,8060531775,ABCDE8376F,5,77981,No,0,187609,Employed,45,Rent,398749,Ministry Of Chemicals And Fertilizers,Fertilizer Subsidy,NO
Person_141,2199872627,ABCDE6710F,4,94456,Yes,1,216912,Unemployed,72,,147178,Ministry Of Chemicals And Fertilizers,Fertilizer Subsidy,NO
Person_397,2589872154,ABCDE7472F,5,25107,Yes,0,928666,Employed,75,Rent,354517,Ministry Of Chemicals And Fertilizers,Nutrient-Based Subsidy,YES
Person_726,7005865218,ABCDE2595F,4,48244,Yes,1,954061,Self-Employed,60,,468211,Ministry Of Chemicals And Fertilizers,Fertilizer Subsidy,YES
Person_898,1372496402,ABCDE4144F,4,98203,No,0,601031,Employed,67,Rent,29558,Ministry Of Agriculture and Farmers Welfare,PM-Kisan,YES
Person_855,2880197597,ABCDE4734F,5,43176,No,1,594305,Self-Employed,46,Rent,120616,Ministry Of Agriculture and Farmers Welfare,PM-Kisan,YES
Person_144,2948369255,ABCDE9554F,3,79837,Yes,0,479074,Self-Employed,63,,327022,Ministry Of Agriculture and Farmers Welfare,RKVY,YES
Person_518,1846429512,ABCDE4412F,5,62754,No,0,575787,Employed,67,,254625,Ministry Of Agriculture and Farmers Welfare,RKVY,YES
Person_586,5102758916,ABCDE8225F,5,47330,Yes,2,917078,Unemployed,37,Own,62451,Ministry Of Chemicals And Fertilizers,Nutrient-Based Subsidy,YES
Person_710,5631935530,ABCDE7136F,5,14481,Yes,2,639542,Self-Employed,37,Own,104229,Ministry Of Agriculture and Farmers Welfare,PM-Kisan,YES
Person_716,2679029227,ABCDE4458F,3,59643,No,1,65870,Employed,72,,422111,Ministry Of Chemicals And Fertilizers,Nutrient-Based Subsidy,NO
Person_876,7429554783,ABCDE3599F,1,13554,No,0,93607,Unemployed,51,,86757,Ministry Of Agriculture and Farmers Welfare,PM-Kisan,NO
Person_840,2522851293,ABCDE1257F,5,72989,Yes,1,691671,Employed,27,Own,205489,Ministry Of Chemicals And Fertilizers,Nutrient-Based Subsidy,YES
Person_198,3764929134,ABCDE1758F,2,70535,No,0,123555,Employed,22,,159454,Ministry Of Agriculture and Farmers Welfare,RKVY,NO
Person_333,5611467836,ABCDE4716F,3,50235,Yes,1,976361,Unemployed,41,,73824,Ministry Of Chemicals And Fertilizers,Fertilizer Subsidy,YES
Person_661,3326322540,ABCDE6093F,4,35533,No,0,682673,Self-Employed,59,Own,246869,Ministry Of Chemicals And Fertilizers,Nutrient-Based Subsidy,YES
Person_549,1670243193,ABCDE2888F,1,86473,Yes,2,583529,Unemployed,67,Rent,275697,Ministry Of Chemicals And Fertilizers,Fertilizer Subsidy,YES
Person_150,2263747692,ABCDE4000F,5,59330,No,0,229051,Unemployed,46,Own,487944,Ministry Of Agriculture and Farmers Welfare,PM-Kisan,YES
Person_274,5176161416,ABCDE7631F,2,39057,No,2,565368,Unemployed,65,,476647,Ministry Of Chemicals And Fertilizers,Fertilizer Subsidy,YES
Person_802,3314791447,ABCDE3288F,3,65074,No,2,780490,Employed,28,,300100,Ministry Of Agriculture and Farmers Welfare,RKVY,YES
Person_461,6268740770,ABCDE4790F,3,41174,No,2,848648,Unemployed,66,Own,390502,Ministry Of Chemicals And Fertilizers,Fertilizer Subsidy,YES
Person_706,2484212651,ABCDE6752F,2,86248,Yes,0,709066,Self-Employed,54,,5121,Ministry Of Chemicals And Fertilizers,Fertilizer Subsidy,YES
Person_716,2377221736,ABCDE4416F,5,39337,No,2,659921,Self-Employed,42,,81289,Ministry Of Agriculture and Farmers Welfare,PM-Kisan,YES
Person_787,9073912662,ABCDE7071F,1,79863,Yes,1,970021,Employed,33,Rent,73447,Ministry Of Chemicals And Fertilizers,Fertilizer Subsidy,YES
Person_364,4606312055,ABCDE8878F,4,64612,No,1,928352,Self-Employed,39,,347183,Ministry Of Chemicals And Fertilizers,Fertilizer Subsidy,YES
Person_427,8256541097,ABCDE2569F,4,60022,Yes,0,614444,Unemployed,66,Rent,21507,Ministry Of Chemicals And Fertilizers,Nutrient-Based Subsidy,YES
Person_477,9019703200,ABCDE4600F,2,44040,No,1,509574,Employed,46,,482376,Ministry Of Agriculture and Farmers Welfare,RKVY,YES
Person_586,9344810486,ABCDE7434F,2,12373,Yes,1,321582,Self-Employed,40,Rent,178433,Ministry Of Agriculture and Farmers Welfare,RKVY,NO
Person_695,8395061637,ABCDE5198F,5,27898,No,1,357398,Employed,50,,334218,Ministry Of Agriculture and Farmers Welfare,RKVY,NO
Person_873,8482906889,ABCDE7616F,2,89668,No,2,633314,Unemployed,19,Rent,325175,Ministry Of Chemicals And Fertilizers,Nutrient-Based Subsidy,YES
Person_695,4480824628,ABCDE4887F,3,93708,Yes,0,196440,Employed,25,Own,336724,Ministry Of Agriculture and Farmers Welfare,PM-Kisan,YES
Person_421,4938991694,ABCDE2554F,5,59579,Yes,2,866771,Self-Employed,60,,153213,Ministry Of Agriculture and Farmers Welfare,PM-Kisan,YES
Person_739,1372068651,ABCDE5409F,4,75678,No,1,653982,Employed,53,Own,167861,Ministry Of Agriculture and Farmers Welfare,PM-Kisan,YES
Person_449,6259634598,ABCDE6123F,1,73519,Yes,2,352136,Self-Employed,52,Own,479924,Ministry Of Agriculture and Farmers Welfare,PM-Kisan,YES
Person_887,7485191140,ABCDE7962F,3,33745,Yes,1,867355,Employed,19,Rent,69716,Ministry Of Agriculture and Farmers Welfare,RKVY,YES
Person_976,1827655706,ABCDE9293F,5,64222,Yes,1,63593,Self-Employed,55,Own,435097,Ministry Of Chemicals And Fertilizers,Nutrient-Based Subsidy,YES
Person_691,1833639309,ABCDE7417F,2,40908,No,2,443151,Self-Employed,33,,347091,Ministry Of Agriculture and Farmers Welfare,PM-Kisan,YES
Person_622,4326328667,ABCDE2219F,1,24573,No,1,56510,Unemployed,74,Own,334696,Ministry Of Agriculture and Farmers Welfare,PM-Kisan,YES
Person_201,6410001166,ABCDE1539F,3,86215,Yes,1,983256,Unemployed,68,Rent,408306,Ministry Of Chemicals And Fertilizers,Fertilizer Subsidy,YES
Person_73,6509465556,ABCDE9443F,4,10251,Yes,0,498555,Employed,59,Own,324919,Ministry Of Agriculture and Farmers Welfare,RKVY,YES
Person_239,5923042205,ABCDE5242F,0,81967,No,2,340400,Unemployed,56,Own,42944,Ministry Of Agriculture and Farmers Welfare,PM-Kisan,NO
Person_837,3078816344,ABCDE9057F,3,45714,No,0,529757,Employed,49,,180656,Ministry Of Chemicals And Fertilizers,Nutrient-Based Subsidy,YES
Person_608,7792749625,ABCDE9164F,5,91379,No,2,527424,Unemployed,21,,433733,Ministry Of Agriculture and Farmers Welfare,RKVY,YES
Person_894,4369402665,ABCDE1842F,2,67291,Yes,1,753063,Unemployed,55,Rent,158362,Ministry Of Agriculture and Farmers Welfare,RKVY,YES
Person_392,3124238132,ABCDE5809F,2,67976,No,2,773363,Employed,32,Own,401138,Ministry Of Chemicals And Fertilizers,Nutrient-Based Subsidy,YES
Person_418,8962587783,ABCDE7328F,5,24488,No,0,530836,Unemployed,56,,417689,Ministry Of Agriculture and Farmers Welfare,PM-Kisan,YES
Person_819,4492675103,ABCDE8774F,2,86799,Yes,1,295361,Unemployed,41,Rent,287954,Ministry Of Chemicals And Fertilizers,Fertilizer Subsidy,NO
Person_540,2427599461,ABCDE4849F,2,51364,Yes,2,763632,Self-Employed,49,,273281,Ministry Of Chemicals And Fertilizers,Nutrient-Based Subsidy,YES
Person_54,7644716161,ABCDE7081F,1,56068,Yes,0,86036,Employed,61,Rent,181958,Ministry Of Agriculture and Farmers Welfare,RKVY,NO
Person_406,8004968595,ABCDE3730F,2,44576,No,2,511109,Self-Employed,49,Own,334105,Ministry Of Agriculture and Farmers Welfare,RKVY,YES
Person_887,2360863161,ABCDE4968F,1,95739,No,0,910109,Employed,64,Rent,192855,Ministry Of Agriculture and Farmers Welfare,RKVY,YES
Person_139,5520730037,ABCDE1173F,4,49033,Yes,0,384895,Self-Employed,55,Own,337681,Ministry Of Chemicals And Fertilizers,Fertilizer Subsidy,YES
Person_10,7608292288,ABCDE6005F,2,54391,Yes,2,339569,Employed,23,,244448,Ministry Of Chemicals And Fertilizers,Fertilizer Subsidy,NO
Person_308,4524252219,ABCDE7834F,3,85024,No,2,666433,Self-Employed,37,Rent,475756,Ministry Of Agriculture and Farmers Welfare,RKVY,YES
Person_457,2143461954,ABCDE3632F,2,41538,No,1,953124,Unemployed,39,Rent,1602,Ministry Of Chemicals And Fertilizers,Nutrient-Based Subsidy,YES
Person_310,6323476192,ABCDE4415F,3,74933,Yes,2,429702,Self-Employed,53,Own,71869,Ministry Of Agriculture and Farmers Welfare,RKVY,YES
Person_401,3092228743,ABCDE2976F,4,34874,No,0,156125,Employed,34,Own,325648,Ministry Of Chemicals And Fertilizers,Nutrient-Based Subsidy,YES
Person_657,5808929024,ABCDE1711F,3,43415,No,1,540703,Unemployed,66,Own,311183,Ministry Of Agriculture and Farmers Welfare,PM-Kisan,YES
Person_85,4549121873,ABCDE7553F,2,39128,No,0,191941,Self-Employed,19,Own,165081,Ministry Of Chemicals And Fertilizers,Nutrient-Based Subsidy,NO
Person_287,6684999735,ABCDE1104F,0,53346,Yes,1,662825,Self-Employed,26,Rent,202827,Ministry Of Chemicals And Fertilizers,Nutrient-Based Subsidy,YES
Person_587,9136180855,ABCDE2555F,5,75644,No,0,141347,Self-Employed,27,Rent,57489,Ministry Of Chemicals And Fertilizers,Fertilizer Subsidy,NO
Person_982,3861914973,ABCDE2581F,4,15597,No,2,136412,Unemployed,49,,197205,Ministry Of Agriculture and Farmers Welfare,RKVY,NO
Person_190,9350074049,ABCDE6491F,5,32537,Yes,0,641160,Self-Employed,63,Own,144804,Ministry Of Chemicals And Fertilizers,Nutrient-Based Subsidy,YES
Person_51,6919159453,ABCDE2213F,4,7095,No,1,601553,Employed,54,Rent,131185,Ministry Of Agriculture and Farmers Welfare,RKVY,YES
Person_573,4857281288,ABCDE8557F,3,61016,No,2,466628,Self-Employed,62,,27810,Ministry Of Agriculture and Farmers Welfare,RKVY,YES
Person_75,6348546507,ABCDE9328F,5,11678,Yes,0,911133,Employed,47,Own,329965,Ministry Of Agriculture and Farmers Welfare,PM-Kisan,YES
Person_387,8029195706,ABCDE7755F,5,28719,Yes,2,55703,Unemployed,66,,171954,Ministry Of Chemicals And Fertilizers,Fertilizer Subsidy,NO
Person_880,7673971200,ABCDE7806F,0,44174,No,1,519352,Unemployed,18,Own,269168,Ministry Of Agriculture and Farmers Welfare,RKVY,YES
Person_761,4529241916,ABCDE2514F,1,27776,No,1,328172,Employed,75,,13447,Ministry Of Chemicals And Fertilizers,Fertilizer Subsidy,NO
Person_725,9639987778,ABCDE2623F,3,50970,Yes,0,524331,Self-Employed,22,,32857,Ministry Of Chemicals And Fertilizers,Nutrient-Based Subsidy,YES
Person_643,1917401059,ABCDE9509F,1,76715,No,2,97955,Self-Employed,35,,343802,Ministry Of Chemicals And Fertilizers,Fertilizer Subsidy,NO
Person_411,8956219072,ABCDE4913F,0,46971,No,1,854135,Unemployed,75,Rent,108288,Ministry Of Agriculture and Farmers Welfare,PM-Kisan,YES
Person_453,4070418654,ABCDE6962F,3,32752,Yes,2,745648,Employed,49,,77821,Ministry Of Chemicals And Fertilizers,Fertilizer Subsidy,YES
Person_185,3079484231,ABCDE6537F,1,78697,No,1,391018,Self-Employed,36,Rent,17037,Ministry Of Agriculture and Farmers Welfare,RKVY,NO
Person_740,7679774576,ABCDE2823F,4,94091,No,1,445700,Employed,65,Rent,286784,Ministry Of Agriculture and Farmers Welfare,RKVY,YES
Person_973,6672980006,ABCDE8901F,0,24535,Yes,2,677724,Employed,74,Own,421346,Ministry Of Agriculture and Farmers Welfare,PM-Kisan,YES
Person_63,1954210085,ABCDE8947F,5,60482,No,1,70383,Self-Employed,66,,445958,Ministry Of Chemicals And Fertilizers,Nutrient-Based Subsidy,NO
Person_606,4725044243,ABCDE1207F,5,52475,No,0,162605,Unemployed,40,Own,484480,Ministry Of Agriculture and Farmers Welfare,PM-Kisan,YES
Person_868,7350247232,ABCDE9177F,5,28474,Yes,0,369096,Unemployed,55,Own,321553,Ministry Of Chemicals And Fertilizers,Fertilizer Subsidy,YES
Person_776,1804122721,ABCDE5910F,2,64966,No,0,805686,Self-Employed,50,Rent,278557,Ministry Of Chemicals And Fertilizers,Fertilizer Subsidy,YES
Person_44,3457470702,ABCDE7651F,1,7066,No,2,562499,Employed,55,,240138,Ministry Of Chemicals And Fertilizers,Fertilizer Subsidy,YES
Person_940,3793634244,ABCDE8400F,3,46036,Yes,1,700466,Employed,48,,466138,Ministry Of Chemicals And Fertilizers,Fertilizer Subsidy,YES
Person_645,7281668572,ABCDE7819F,4,56595,Yes,2,828304,Unemployed,31,Rent,435085,Ministry Of Chemicals And Fertilizers,Nutrient-Based Subsidy,YES
Person_511,9065298130,ABCDE4842F,0,49908,Yes,0,845113,Unemployed,57,Rent,405178,Ministry Of Chemicals And Fertilizers,Fertilizer Subsidy,YES
Person_73,5062014421,ABCDE1400F,2,55338,Yes,2,314862,Unemployed,70,Rent,459359,Ministry Of Chemicals And Fertilizers,Nutrient-Based Subsidy,NO
Person_931,6249069002,ABCDE8376F,3,55060,No,2,570539,Employed,62,,111730,Ministry Of Chemicals And Fertilizers,Fertilizer Subsidy,YES
Person_843,7549405285,ABCDE6459F,3,60679,No,1,261915,Employed,52,,224051,Ministry Of Chemicals And Fertilizers,Fertilizer Subsidy,NO
Person_343,1528807462,ABCDE4787F,5,46133,Yes,0,381709,Self-Employed,28,Rent,157296,Ministry Of Chemicals And Fertilizers,Fertilizer Subsidy,NO
Person_152,2930437866,ABCDE1676F,5,90541,No,2,671588,Unemployed,71,Own,91123,Ministry Of Chemicals And Fertilizers,Fertilizer Subsidy,YES
Person_463,5637694169,ABCDE2860F,0,37650,Yes,0,624162,Unemployed,51,Rent,488133,Ministry Of Agriculture and Farmers Welfare,RKVY,YES
Person_889,1897648229,ABCDE7081F,4,86759,No,2,978673,Employed,48,,445496,Ministry Of Agriculture and Farmers Welfare,RKVY,YES
Person_421,4794778381,ABCDE4499F,4,97689,Yes,0,890809,Unemployed,71,,103017,Ministry Of Chemicals And Fertilizers,Nutrient-Based Subsidy,YES
Person_863,5578551939,ABCDE7566F,5,29850,No,1,458425,Employed,32,Own,297414,Ministry Of Chemicals And Fertilizers,Fertilizer Subsidy,YES
Person_418,8672093977,ABCDE1273F,4,81242,Yes,2,345181,Self-Employed,24,,70829,Ministry Of Chemicals And Fertilizers,Fertilizer Subsidy,NO
Person_762,5240754439,ABCDE6239F,4,97238,Yes,2,73956,Employed,66,,378581,Ministry Of Agriculture and Farmers Welfare,PM-Kisan,NO
Person_782,9740758775,ABCDE5798F,4,99923,Yes,1,108360,Self-Employed,36,Rent,202864,Ministry Of Agriculture and Farmers Welfare,RKVY,NO
Person_57,3530688698,ABCDE1149F,1,25258,No,1,507319,Unemployed,56,,93508,Ministry Of Agriculture and Farmers Welfare,PM-Kisan,YES
Person_221,2648675176,ABCDE5886F,0,88805,Yes,2,161927,Self-Employed,45,Rent,73725,Ministry Of Chemicals And Fertilizers,Fertilizer Subsidy,NO
Person_797,2144937798,ABCDE1561F,1,12814,No,0,888943,Self-Employed,23,Rent,120360,Ministry Of Agriculture and Farmers Welfare,PM-Kisan,YES
Person_466,5936582370,ABCDE2796F,4,77062,Yes,2,601225,Self-Employed,36,Own,285561,Ministry Of Chemicals And Fertilizers,Nutrient-Based Subsidy,YES
Person_562,8425950458,ABCDE1028F,0,31509,Yes,1,244752,Unemployed,42,Own,284308,Ministry Of Agriculture and Farmers Welfare,PM-Kisan,YES
Person_762,6032385036,ABCDE9588F,2,94422,Yes,0,465431,Employed,32,Rent,15291,Ministry Of Chemicals And Fertilizers,Fertilizer Subsidy,YES
Person_400,4446021305,ABCDE9994F,5,27004,No,1,912167,Self-Employed,53,Rent,405634,Ministry Of Agriculture and Farmers Welfare,PM-Kisan,YES
Person_657,7217230500,ABCDE1425F,4,37638,No,0,879028,Employed,19,Own,454320,Ministry Of Chemicals And Fertilizers,Fertilizer Subsidy,YES
Person_65,6587888755,ABCDE2767F,4,67603,Yes,2,346274,Employed,63,,40253,Ministry Of Chemicals And Fertilizers,Fertilizer Subsidy,NO
Person_822,9051045080,ABCDE3442F,5,91275,No,0,573123,Unemployed,61,,157690,Ministry Of Agriculture and Farmers Welfare,RKVY,YES
Person_344,5245641152,ABCDE5578F,3,76282,No,0,603757,Employed,39,Own,232415,Ministry Of Agriculture and Farmers Welfare,RKVY,YES
Person_979,3110740428,ABCDE5291F,4,79916,No,2,152562,Self-Employed,20,Own,30621,Ministry Of Chemicals And Fertilizers,Nutrient-Based Subsidy,NO
Person_379,6232797960,ABCDE5453F,4,65085,Yes,2,501382,Employed,23,Own,432752,Ministry Of Chemicals And Fertilizers,Fertilizer Subsidy,YES
Person_14,7512726711,ABCDE1034F,4,73254,No,0,470802,Unemployed,56,Own,59009,Ministry Of Agriculture and Farmers Welfare,PM-Kisan,YES
Person_565,3091752038,ABCDE2703F,3,71911,Yes,0,555951,Unemployed,58,Own,147900,Ministry Of Chemicals And Fertilizers,Fertilizer Subsidy,YES
Person_269,4819793669,ABCDE3000F,5,38298,Yes,1,647657,Self-Employed,44,Rent,132864,Ministry Of Agriculture and Farmers Welfare,PM-Kisan,YES
Person_545,4232692848,ABCDE5314F,4,28449,No,1,923958,Self-Employed,36,,440839,Ministry Of Agriculture and Farmers Welfare,RKVY,YES
Person_33,8540398607,ABCDE8966F,1,34732,Yes,2,156662,Employed,22,,175436,Ministry Of Chemicals And Fertilizers,Fertilizer Subsidy,NO
Person_669,3043153908,ABCDE1911F,3,23569,Yes,2,722006,Unemployed,45,,67223,Ministry Of Agriculture and Farmers Welfare,PM-Kisan,YES
Person_506,1498762708,ABCDE9235F,5,25760,Yes,0,156874,Unemployed,25,,246094,Ministry Of Chemicals And Fertilizers,Fertilizer Subsidy,NO
Person_111,7866898060,ABCDE7257F,1,97907,No,2,467701,Unemployed,19,,40393,Ministry Of Chemicals And Fertilizers,Nutrient-Based Subsidy,YES
Person_865,6907801831,ABCDE5553F,2,76206,No,1,527903,Employed,26,Rent,351064,Ministry Of Chemicals And Fertilizers,Nutrient-Based Subsidy,YES
Person_254,6172498960,ABCDE2719F,2,44344,No,1,389255,Self-Employed,46,Own,169554,Ministry Of Chemicals And Fertilizers,Nutrient-Based Subsidy,NO
Person_183,5583988928,ABCDE8902F,1,55149,No,2,473691,Unemployed,67,Own,198181,Ministry Of Agriculture and Farmers Welfare,PM-Kisan,YES
Person_885,6644441121,ABCDE8578F,2,97865,No,1,564547,Self-Employed,61,Rent,312349,Ministry Of Agriculture and Farmers Welfare,RKVY,YES
